10.0,-0.5745581331424137,-0.48253780380991396,-0.586207506227902,-0.7581463946310164,-0.6797780973816666,-0.8676334753427499,-0.659770780256245,0.0,1.0,0.0
6.0,-1.2407887729191809,-1.3391509765783673,-0.9448699866019973,-1.216001015825895,-1.0943113114476601,-1.264527199639563,-1.2489104691813973,0.0,1.0,0.0
12.0,-0.03324573832379023,-0.02903671234426159,-0.3470991859785052,-0.37779055118850036,-0.5310868358145168,-0.06472203308712789,-0.2071390680332622,1.0,0.0,0.0
13.0,0.9244608063553126,0.9283544807498924,0.6093340950190824,1.3465572538015664,1.6024074778838302,1.495480883114138,0.8813324304077204,0.0,1.0,0.0
9.0,-0.19980339826798219,-0.18020374283281237,-0.22754502585380668,-0.6551545978811663,-0.6662607099664712,-0.6988395925958293,-0.4550088152029909,0.0,1.0,0.0
9.0,-0.3247216432261261,-0.38175978348421347,0.3702257747696853,0.2840082219862798,0.26869191958454675,0.5922055105765631,-0.01674636368549962,0.0,0.0,1.0
14.0,1.5074126161599835,1.5330226027040954,1.924429856390765,2.349962481542681,2.064251547903008,1.1670171112822927,3.7444076259769057,0.0,0.0,1.0
19.0,1.3824943712018396,1.432244582378395,1.4462132158919714,2.0756575971297138,1.6790060065699377,2.658790075018591,2.379327858955211,0.0,0.0,1.0
4.0,-1.7404617527517563,-1.7422630578811695,-1.5426407872254895,-1.4281029338849924,-1.3894409366794274,-1.3922631109075032,-1.4249339128236684,0.0,1.0,0.0
7.0,-1.282428187905229,-1.1375949359269668,-0.9448699866019973,-1.1425811211131307,-1.0943113114476601,-1.1367912883716234,-1.1159948076556008,1.0,0.0,0.0
8.0,-0.36636105821217413,-0.4321487936470637,-0.22754502585380668,-0.6082474429257889,-0.5355926316195819,-0.48898773836992815,-0.717247823078211,0.0,0.0,1.0
6.0,-1.0325916979889411,-0.9864279054384161,-0.586207506227902,-1.0497865319622752,-0.9230910708551846,-1.1048573105546384,-1.0908486014209906,0.0,1.0,0.0
8.0,-1.282428187905229,-1.3391509765783673,-0.9448699866019973,-1.2363954310238852,-1.200197512866691,-1.4105110982314946,-1.141141013890211,1.0,0.0,0.0
10.0,-0.9076734530307975,-0.8352608749498652,0.011563294395590387,-0.8397240554229769,-0.9275968666602498,-0.7216495767508186,-0.6813246713144822,0.0,0.0,1.0
10.0,-1.157509942947085,-0.9360388952755658,-0.7057616663526005,-1.1068908945166478,-1.0672765366172692,-1.0683613359066555,-1.1159948076556008,1.0,0.0,0.0
12.0,-0.07488515330983822,0.27329734863283944,0.728888255143781,-0.4032835701859879,-0.3733839826372365,-0.6349716369618594,-0.16403128591678742,1.0,0.0,0.0
9.0,0.9661002213413605,1.079521511238443,1.5657673760166693,1.4373124014326226,1.3703589939229752,1.4042409464941812,1.1759022748702967,1.0,0.0,0.0
9.0,0.05003309164830575,0.1725193283071389,-0.22754502585380668,-0.12489980273342258,0.26869191958454675,-0.5482936971729003,-0.2071390680332622,0.0,1.0,0.0
12.0,-0.1165245682958862,-0.12981473266996213,-0.46665334610320375,-0.4308160307032745,-0.4387180218106812,-0.5346077066799068,-0.32927778402994,1.0,0.0,0.0
7.0,-0.28308222824007817,-0.38175978348421347,-0.8253158264772991,-0.616405209004985,-0.4972933672765282,-0.7307735704128143,-0.6525861499034991,1.0,0.0,0.0
12.0,-0.1581639832819342,-0.12981473266996213,-0.10799086572910815,-0.48384151021804894,-0.32156733087898726,-0.44792976689094743,-0.38675482685190615,0.0,0.0,1.0
9.0,0.2582301665785457,-0.02903671234426159,-0.46665334610320375,0.1718389383973339,0.44667085388462024,0.1405678243077757,-0.2322852742678724,1.0,0.0,0.0
8.0,-1.115870527961037,-1.0872059257641167,-0.8253158264772991,-1.1619558155512213,-1.1889330233540283,-1.301023174287546,-1.105217862126482,0.0,1.0,0.0
16.0,1.0077396363274085,1.1299105214012934,1.6853215361413678,1.4781012318286029,1.1563336931823809,1.687084750016048,1.6896033450916181,1.0,0.0,0.0
9.0,-1.9070194126959483,-1.8430410782068698,-1.1839783068513943,-1.4077085186870022,-1.4029583240946228,-1.2280312249915804,-1.3566799244725836,0.0,0.0,1.0
10.0,0.4247878265227367,0.42446437912139023,-0.22754502585380668,-0.02904605130286883,0.19659918670350435,-0.08297002041111906,-0.1855851769750249,0.0,1.0,0.0
14.0,-0.5329187181563656,-0.4321487936470637,-0.586207506227902,-0.775481647549308,-0.8757802149020004,-0.8904434594977392,-0.49452428214309246,1.0,0.0,0.0
6.0,-0.1165245682958862,-0.07942572250711186,-0.3470991859785052,-0.5786755408887031,-0.44322381761574636,-0.5984756623138766,-0.7208401382545839,1.0,0.0,0.0
14.0,0.21659075159249772,0.021352297818588113,-0.3470991859785052,-0.1391758933720157,-0.49053467356893043,-0.15596196970708479,-0.3149085233244485,0.0,0.0,1.0
9.0,0.5497060714808807,-0.02903671234426159,0.2506716146449868,0.04947244720939317,-0.15034709028651178,0.7381894091684945,0.04432299431283939,0.0,0.0,1.0
8.0,-0.49127930317031765,-0.5329268139727642,-0.46665334610320375,-0.60620800140599,-0.39140716585749713,-0.7627075482297995,-0.7136555079018381,0.0,0.0,1.0
8.0,0.7162637314250726,0.5252423994470907,0.3702257747696853,0.2615743652684908,0.29797959231747023,0.15425381480076927,0.18801560136775472,1.0,0.0,0.0
9.0,0.34150899655064076,0.27329734863283944,0.13111745452028825,0.03213719429110165,0.17181730977564627,-0.2061439348480612,0.11616929784029704,0.0,1.0,0.0
15.0,1.0493790513134567,1.1299105214012934,1.326659055767273,1.7279328180039817,1.503279970172397,2.3668222778347285,1.6608648236806351,0.0,0.0,1.0
11.0,0.8411819763832166,0.8275764604241918,1.087550735517876,0.6939359674658818,0.7575707644341152,0.6651974598725289,0.7556013992346694,0.0,0.0,1.0
9.0,0.3831484115366887,0.4748533892842405,0.8484424152684789,0.3900591810158286,0.5457983615960533,0.3093617070546962,0.36763136018639847,0.0,0.0,1.0
7.0,-1.5322646778215163,-1.4399289969040678,-1.6621949473501878,-1.312874488016348,-1.3376242849211781,-1.2873371837945524,-1.2129873174176684,0.0,1.0,0.0
11.0,1.2992155412297446,1.230688541726994,0.9679965753931773,1.4281349145935271,1.8209385744294897,1.1943890922682798,1.1759022748702967,0.0,0.0,1.0
12.0,-0.36636105821217413,-0.2809817631585129,0.13111745452028825,-0.4869006724977476,-0.5738918959626357,-0.3612518271019884,-0.0634464609783469,1.0,0.0,0.0
13.0,1.6323308611181275,1.432244582378395,1.5657673760166693,2.643642060393739,3.5421525719643756,2.3896322619897172,1.9554346681432118,0.0,0.0,1.0
6.0,-0.9076734530307975,-0.9864279054384161,-0.8253158264772991,-0.9569919428114203,-0.8667686232918703,-0.8904434594977392,-1.0585177648336346,0.0,1.0,0.0
13.0,1.2159367112576485,1.3818555722155448,0.8484424152684789,1.791155505117751,1.5325676429053205,1.8832506137489557,2.41525101071894,1.0,0.0,0.0
8.0,-0.8660340380447495,-0.6840938444613145,-0.586207506227902,-0.8305465685838814,-0.830722256851349,-0.7992035228777821,-0.7459863444891941,0.0,0.0,1.0
9.0,-1.2407887729191809,-1.1879839460898172,-0.9448699866019973,-1.127285309714638,-1.089805515642595,-1.1322292915406256,-1.105217862126482,0.0,0.0,1.0
7.0,-1.324067602891277,-1.4399289969040678,-0.10799086572910815,-1.2384348725436842,-1.1461279632059094,-1.2189072313295846,-1.2812413057687533,0.0,1.0,0.0
10.0,0.7995425613971686,0.676409429935641,1.326659055767273,1.080410135467795,1.054953287568415,1.4224889338181728,0.9747326249934153,0.0,0.0,1.0
8.0,0.21659075159249772,0.3236863587956897,0.3702257747696853,0.17693754219683155,0.023126048208496286,0.13144383064578,0.08024614607656821,0.0,0.0,1.0
6.0,-2.4066923925285235,-2.296542169672522,-1.901303267599585,-1.571883561030823,-1.5201090150263163,-1.5154370253444451,-1.5865880957604481,0.0,1.0,0.0
10.0,1.4241337861878876,1.230688541726994,1.6853215361413678,1.3893855257173455,1.372611891825508,2.0885404711438587,1.050171243697246,0.0,0.0,1.0
16.0,0.8411819763832166,1.1802995315641436,1.8048756962660664,1.52500838678398,0.6854780315530727,0.7199414218445032,3.0618677424660588,1.0,0.0,0.0
6.0,-2.4066923925285235,-2.346931179835372,-1.7817491074748864,-1.5647455157115264,-1.5268677087339142,-1.4652550602034689,-1.5794034654077023,0.0,1.0,0.0
7.0,-1.324067602891277,-1.3391509765783673,-1.1839783068513943,-1.2119221327862972,-1.1326105757907137,-1.182411256681602,-1.2668720450632618,0.0,1.0,0.0
7.0,-1.324067602891277,-1.3895399867412177,-1.3035324669760926,-1.2363954310238852,-1.1979446149641586,-1.1687252661886085,-1.2417258388286514,0.0,1.0,0.0
11.0,1.2575761262436964,1.281077551889844,1.087550735517876,1.486258997907799,1.5505908261255812,2.0201105186788917,1.1579406989884322,1.0,0.0,0.0
10.0,0.5913454864669286,0.6260204197727908,0.3702257747696853,0.7602178168593496,0.5976150133543028,1.878688616917958,0.18801560136775472,0.0,0.0,1.0
12.0,1.5490520311460314,1.6338006230297948,1.326659055767273,2.3489427607827817,2.852765813789409,2.845831945089503,1.7327111272080928,1.0,0.0,0.0
9.0,-0.1165245682958862,-0.02903671234426159,-0.22754502585380668,-0.22687187872337317,0.05917241464901749,-0.2061439348480612,-0.49452428214309246,0.0,0.0,1.0
4.0,-2.906365372361099,-2.8508212814638743,-2.3795199080983784,-1.6412245727039896,-1.5764314625896307,-1.5929909714714086,-1.6799882903461427,0.0,0.0,1.0
11.0,1.8821673510344155,1.5834116128669447,1.8048756962660664,2.262266496191324,1.8659965324801413,2.7545920084695457,2.41525101071894,1.0,0.0,0.0
9.0,-0.5745581331424137,-0.4321487936470637,-0.10799086572910815,-0.7907774589478006,-0.93660845827038,-0.584789671820883,-0.6741400409617366,0.0,1.0,0.0
13.0,0.05003309164830575,0.1725193283071389,-0.22754502585380668,-0.22789159948327256,-0.6662607099664712,-0.1331519855520955,0.11616929784029704,1.0,0.0,0.0
8.0,-0.8243946230587016,-0.8352608749498652,-0.7057616663526005,-0.864197353660565,-0.8555041337792073,-0.808327516539778,-0.9507483095424482,0.0,1.0,0.0
5.0,-2.07357707264014,-2.044597118858271,-1.6621949473501878,-1.4984636663180586,-1.4682923632680671,-1.4652550602034689,-1.4824109556456344,0.0,0.0,1.0
13.0,0.6329849014529767,0.7771874502613415,0.8484424152684789,0.8948209571660848,0.6314084818922912,0.9206692824084083,1.014248091933517,0.0,0.0,1.0
10.0,0.7579031464111207,0.4748533892842405,0.13111745452028825,0.5848258461566344,0.6539374609176167,0.5237755581115955,0.5472471190050426,1.0,0.0,0.0
13.0,0.6746243164390247,0.877965470587042,0.728888255143781,0.535879249681458,0.3475433461731869,0.8294293457884517,0.6909397260599579,1.0,0.0,0.0
8.0,-0.1165245682958862,-0.23059275299566265,-0.10799086572910815,-0.4012441286661889,-0.34860210570937844,-0.3247558524540055,-0.49452428214309246,1.0,0.0,0.0
8.0,-0.3247216432261261,-0.33137077332136317,-0.22754502585380668,-0.5613402879704116,-0.4206948385904206,-0.6258476432998639,-0.5879244767287874,0.0,1.0,0.0
10.0,-0.6578369631145096,-0.5329268139727642,-0.7057616663526005,-0.7897577381879011,-0.8059403799234908,-0.7034015894268273,-0.6346245740216349,0.0,0.0,1.0
11.0,-0.03324573832379023,-0.12981473266996213,-0.586207506227902,-0.37575110966870134,-0.19765794623969588,-0.5117977225249174,-0.3795701964991602,0.0,1.0,0.0
11.0,1.0910184662995046,1.079521511238443,0.3702257747696853,0.979457780237744,0.7418004791163874,1.509166873607132,1.050171243697246,1.0,0.0,0.0
11.0,-0.28308222824007817,-0.2809817631585129,-0.10799086572910815,-0.5858135862079997,-0.6392259351360803,-0.7809555355537907,-0.3508316750881773,0.0,0.0,1.0
6.0,-1.8237405827238524,-1.8430410782068698,-1.1839783068513943,-1.3913929865286103,-1.3353713870186454,-1.337519148935529,-1.4177492824709226,0.0,1.0,0.0
10.0,-1.199149357933133,-1.1879839460898172,-0.8253158264772991,-1.1660346985908192,-1.1731627380363001,-1.182411256681602,-1.105217862126482,1.0,0.0,0.0
11.0,1.0493790513134567,1.1802995315641436,0.8484424152684789,1.4434307259920194,1.4739922974394737,1.6232167943820779,1.193863850752161,0.0,0.0,1.0
7.0,-0.19980339826798219,-0.33137077332136317,0.13111745452028825,-0.42265826462407846,-0.3846484721498996,-0.1331519855520955,-0.6489938347271265,0.0,0.0,1.0
10.0,0.00839367666225776,-0.07942572250711186,0.011563294395590387,-0.2717395921589515,-0.5355926316195819,-0.1878959475240698,0.10180003713480552,0.0,1.0,0.0
10.0,0.05003309164830575,0.12213031814428864,-0.10799086572910815,-0.3135481433148312,-0.2945325560485966,-0.22439192217205264,-0.4047164027337706,0.0,0.0,1.0
8.0,-0.19980339826798219,-0.48253780380991396,-0.46665334610320375,-0.7948563419873986,-0.7743998092880346,-0.6851536021028359,-0.77831718107655,0.0,1.0,0.0
9.0,-0.1581639832819342,-0.18020374283281237,-0.22754502585380668,-0.31558758483463023,-0.19315215043463071,-0.3612518271019884,-0.4334549241447536,1.0,0.0,0.0
9.0,0.3831484115366887,0.3236863587956897,1.2071048956425745,0.38598029797623057,0.394854202126371,0.24093175458972832,0.18801560136775472,1.0,0.0,0.0
9.0,0.9244608063553126,0.9283544807498924,0.6093340950190824,1.2863937289674954,1.5573495198331788,0.7655613901544817,1.0860943954609747,1.0,0.0,0.0
7.0,-0.6161975481284616,-0.784871864787015,-0.8253158264772991,-0.9325186445738322,-0.7789056050930998,-0.9315014309767199,-1.01540998271716,0.0,1.0,0.0
5.0,-1.324067602891277,-1.5407070172297683,-1.4230866271007911,-1.2853420274990615,-1.2655315520401356,-1.3329571521045311,-1.3351260334143464,0.0,1.0,0.0
7.0,-1.7821011677378042,-1.6918740477183192,-1.1839783068513943,-1.3934324280484094,-1.3466358765313085,-1.3603291330905183,-1.3926030762363124,0.0,1.0,0.0
6.0,-1.6571829227796604,-1.6918740477183192,-1.5426407872254895,-1.3791563374098164,-1.2948192247730592,-1.05923734224466,-1.406972336941804,0.0,1.0,0.0
18.0,1.1326578812855526,0.9787434909127426,1.4462132158919714,1.6351382288531269,0.5728331364264442,1.062091184169342,2.6667130730650417,0.0,0.0,1.0
7.0,-0.8660340380447495,-0.6337048342984648,-0.8253158264772991,-0.8132113156655898,-0.830722256851349,-0.771831541891795,-0.7819094962529229,0.0,0.0,1.0
8.0,0.6329849014529767,0.5252423994470907,0.13111745452028825,0.21160804803341482,0.17632310558071143,0.40060164367465334,0.0658768853710767,1.0,0.0,0.0
6.0,-0.49127930317031765,-0.6337048342984648,-0.8253158264772991,-0.8713353989798617,-0.5288339379119842,-1.3329571521045311,-0.9327867336605837,0.0,1.0,0.0
7.0,-0.4496398881842701,-0.38175978348421347,-0.22754502585380668,-0.624562975084181,-0.7135715659196552,-0.43424377639795386,-0.5304474339068213,0.0,0.0,1.0
10.0,0.8411819763832166,0.7267984400984913,0.8484424152684789,0.4818340494067841,0.5728331364264442,0.7153794250135053,0.3317082084226696,0.0,0.0,1.0
6.0,-2.198495317598284,-2.094986129021121,-1.7817491074748864,-1.4943847832784605,-1.4209815073148833,-1.401387104569499,-1.500372531527499,0.0,0.0,1.0
11.0,1.2575761262436964,1.079521511238443,0.2506716146449868,0.9855761047971404,0.8859859448784723,0.9480412633943955,1.2405639480450081,0.0,0.0,1.0
9.0,0.21659075159249772,-0.07942572250711186,-0.10799086572910815,-0.22789159948327256,-0.12556521335865345,-0.2836978809750248,-0.1281081341530588,0.0,1.0,0.0
6.0,-2.198495317598284,-2.195764149346821,-1.5426407872254895,-1.497443945558159,-1.4187286094123508,-1.4652550602034689,-1.500372531527499,0.0,0.0,1.0
17.0,-0.03324573832379023,0.1725193283071389,0.3702257747696853,-0.11266315361462849,-0.28101516863340115,-0.5254837130179109,0.11616929784029704,0.0,0.0,1.0
11.0,-0.4496398881842701,-0.6337048342984648,-0.586207506227902,-0.6939039867573474,-0.7158244638221878,-0.6623436179478465,-0.5232628035540755,0.0,1.0,0.0
7.0,0.7995425613971686,0.5252423994470907,0.728888255143781,0.6082794236343231,0.791364232972104,0.756437396492486,0.41073914230287345,0.0,0.0,1.0
11.0,1.4241337861878876,1.3314665620526944,1.326659055767273,1.7585244408009668,1.8412146555522833,1.6642747658610586,1.7003802906207368,0.0,0.0,1.0
10.0,0.8411819763832166,0.7771874502613415,0.6093340950190824,0.809164413334526,0.6674548483328121,1.0529671905073468,0.8705554848786017,1.0,0.0,0.0
10.0,1.5074126161599835,1.230688541726994,0.728888255143781,1.4995153677864925,1.1383105099621202,1.9471185693829254,1.4453259130982625,1.0,0.0,0.0
8.0,0.3831484115366887,0.37407536895854,0.011563294395590387,0.4787748871270855,0.75306496862905,0.35498167536467473,0.008399842549110562,0.0,0.0,1.0
4.0,-2.6981682974308594,-2.5988762306496236,-2.3795199080983784,-1.5963568592684112,-1.5246148108313815,-1.583866977809413,-1.6692113448170243,0.0,1.0,0.0
8.0,-0.40800047319822214,-0.5329268139727642,-0.10799086572910815,-0.7163378434751366,-0.6527433225512758,-0.8265755038637693,-0.6849169864908552,0.0,1.0,0.0
4.0,-2.365052977542476,-2.2461531595096718,-1.901303267599585,-1.5565877496323304,-1.4863155464883278,-1.643172936612385,-1.5722188350549566,0.0,1.0,0.0
12.0,1.2992155412297446,0.9283544807498924,1.087550735517876,1.8604965167909175,1.8344559618446852,1.3221250035362198,1.650087878151517,1.0,0.0,0.0
8.0,-0.7827552080726535,-0.8856498851127155,-0.7057616663526005,-0.9406764106530282,-0.8645157253893376,-0.7170875799198209,-0.9615252550715668,0.0,1.0,0.0
6.0,-1.4489858478494209,-1.5910960273926187,-1.6621949473501878,-1.3230716956153434,-1.3241068975059826,-1.2097832376675888,-1.3279414030616006,0.0,1.0,0.0
14.0,1.1742972962716005,1.281077551889844,0.3702257747696853,1.1303764527028708,1.0662177770810777,0.692569440858516,1.7686342789718217,0.0,0.0,1.0
11.0,0.46642724150878473,0.676409429935641,0.2506716146449868,0.2880871050258778,0.11549486221233188,0.3276096943786876,0.798709181351144,0.0,0.0,1.0
7.0,0.00839367666225776,0.021352297818588113,-0.586207506227902,-0.11062371209482948,0.25517453216935154,-0.16052396653808265,-0.422677978615635,1.0,0.0,0.0
10.0,0.8411819763832166,0.7267984400984913,0.9679965753931773,0.8040658095350282,0.926538107124058,1.0666531810003397,0.7089013019418223,0.0,0.0,1.0
12.0,-0.1581639832819342,-0.18020374283281237,0.8484424152684789,-0.27887763747824795,-0.41618904278535546,-0.27913588414402696,-0.1712159162695334,1.0,0.0,0.0
12.0,-0.28308222824007817,-0.2809817631585129,-0.22754502585380668,-0.5909121900074972,-0.5874092833778312,-0.41143379224296456,-0.5304474339068213,1.0,0.0,0.0
17.0,1.0910184662995046,0.7771874502613415,1.326659055767273,1.6137240928952372,1.2081503449406297,1.61865479755108,1.7686342789718217,0.0,0.0,1.0
5.0,-1.365707017877325,-1.4903180070669182,-1.4230866271007911,-1.3240914163752429,-1.285807633162929,-1.3603291330905183,-1.284833620945126,0.0,1.0,0.0
18.0,0.00839367666225776,0.021352297818588113,0.8484424152684789,0.09230071912517274,-0.003908726621894621,0.24093175458972832,-0.24306221979699105,0.0,1.0,0.0
26.0,0.6329849014529767,0.877965470587042,1.326659055767273,0.4665382380082918,0.11098906640726673,0.08582386233580142,0.9783249401697881,0.0,0.0,1.0
9.0,-0.3247216432261261,-0.18020374283281237,-0.3470991859785052,-0.4848612309779486,-0.3260731266840527,-0.3612518271019884,-0.8537557997803805,0.0,1.0,0.0
9.0,-0.8660340380447495,-0.8352608749498652,-0.3470991859785052,-0.8917298141778518,-0.9095736834399891,-0.7125255830888231,-0.8896789515441093,0.0,1.0,0.0
14.0,0.2582301665785457,0.4748533892842405,0.9679965753931773,0.2636138067882896,-0.2855209644384661,0.13144383064578,1.0860943954609747,1.0,0.0,0.0
10.0,0.13331192162040173,0.07174130798143838,0.3702257747696853,-0.2584832222802578,-0.1683702735067724,-0.12402799189010004,-0.3508316750881773,0.0,1.0,0.0
6.0,-1.324067602891277,-1.3895399867412177,-1.3035324669760926,-1.3077758842168508,-1.2542670625274728,-1.264527199639563,-1.2992028816506176,0.0,1.0,0.0
12.0,0.5080666564948327,0.4748533892842405,0.3702257747696853,0.6205160727531172,0.8657098637556788,0.38691565318165977,0.47540081547758495,0.0,0.0,1.0
11.0,1.0077396363274085,1.1802995315641436,0.4897799348943839,1.3842869219178482,1.7398342499383175,0.5876435137455652,1.3914411854526694,0.0,0.0,1.0
9.0,-0.8243946230587016,-1.0368169156012663,-0.7057616663526005,-0.9580116635713198,-0.8397338484614792,-0.8493854880187587,-1.01540998271716,0.0,0.0,1.0
10.0,1.1742972962716005,0.9283544807498924,0.2506716146449868,0.8540321267701044,0.46469403710488083,1.0484051936763483,0.8669631697022288,1.0,0.0,0.0
6.0,-0.8243946230587016,-0.8352608749498652,-0.9448699866019973,-0.8784734442991583,-1.0852997198375298,-1.05923734224466,-1.0369638737753974,0.0,1.0,0.0
6.0,-1.6155435077936124,-1.6918740477183192,-1.5426407872254895,-1.3577422014519265,-1.2835547352603962,-1.3466431425975247,-1.371049185178075,0.0,1.0,0.0
6.0,-1.157509942947085,-1.0872059257641167,-0.9448699866019973,-1.1344233550339347,-1.116840290472986,-1.1276672947096278,-1.141141013890211,1.0,0.0,0.0
7.0,-1.365707017877325,-1.5910960273926187,-0.586207506227902,-0.7418308624726242,-0.6730194036740689,-0.6851536021028359,-0.7962787569584144,0.0,1.0,0.0
14.0,-0.07488515330983822,-0.2809817631585129,0.8484424152684789,0.2605546445085912,-0.15485288609157694,-0.2061439348480612,0.5113239672413138,0.0,0.0,1.0
10.0,0.5497060714808807,0.3236863587956897,-0.10799086572910815,0.27992933894668176,0.3588078356858498,0.3093617070546962,0.15568476478039875,0.0,0.0,1.0
14.0,0.05003309164830575,0.3236863587956897,1.5657673760166693,0.012762499853010884,-0.17738186511690268,0.3367336880406833,0.04432299431283939,0.0,0.0,1.0
10.0,1.0493790513134567,0.9787434909127426,0.8484424152684789,0.7724544659781438,0.6809722357480076,0.7427514059994924,1.0860943954609747,1.0,0.0,0.0
4.0,-2.9480047873471467,-3.0523773221152752,-2.4990740682230768,-1.6208301575059993,-1.565166973076968,-1.5701809873164194,-1.6799882903461427,0.0,1.0,0.0
15.0,-0.1581639832819342,0.021352297818588113,-0.10799086572910815,-0.3502580906712135,-0.30804994346379183,-0.43424377639795386,-0.3149085233244485,1.0,0.0,0.0
10.0,-0.5329187181563656,-0.5329268139727642,0.011563294395590387,-0.68880538295785,-0.6865367910892644,-0.5984756623138766,-0.4657857607321096,0.0,0.0,1.0
16.0,0.8828213913692646,1.0291325010755927,1.2071048956425745,1.3659319482396568,0.2394042468516233,1.157893117620297,2.199712100136568,0.0,0.0,1.0
7.0,0.09167250663435374,-0.02903671234426159,0.011563294395590387,-0.021908005983572388,0.19209339089843944,-0.08297002041111906,-0.3580163054409233,0.0,0.0,1.0
9.0,-0.03324573832379023,-0.12981473266996213,-0.3470991859785052,-0.5062753669358381,-0.5175694483993213,-0.3156318587920098,-0.5304474339068213,0.0,1.0,0.0
15.0,0.34150899655064076,0.42446437912139023,1.326659055767273,0.356408395939145,0.21011657411870005,0.6378254788865417,0.3317082084226696,1.0,0.0,0.0
8.0,-0.07488515330983822,-0.07942572250711186,0.011563294395590387,-0.22891132024317218,-0.04446088886748098,-0.19245794435506763,-0.4334549241447536,0.0,1.0,0.0
8.0,-1.9070194126959483,-1.9438190985325703,-1.5426407872254895,-1.4535959528824802,-1.4525220779503394,-1.3785771204145096,-1.4285262280000413,0.0,1.0,0.0
8.0,-0.9493128680168456,-1.0872059257641167,-1.1839783068513943,-1.1191275436354418,-0.983919314223564,-1.1231052978786298,-1.1770641656539398,0.0,1.0,0.0
10.0,0.6329849014529767,0.6260204197727908,1.2071048956425745,0.6235752350328159,0.5976150133543028,0.7199414218445032,0.7089013019418223,1.0,0.0,0.0
12.0,0.9661002213413605,1.7849676535183456,1.326659055767273,1.66878901392981,1.636200946421819,1.3723069686771963,1.6680494540333812,0.0,0.0,1.0
17.0,1.1742972962716005,1.281077551889844,1.2071048956425745,1.3608333444401592,0.9828605546873727,0.9206692824084083,1.696787975444364,1.0,0.0,0.0
10.0,1.0077396363274085,0.7267984400984913,0.728888255143781,0.6235752350328159,0.759823662336648,0.6697594567035267,0.47540081547758495,1.0,0.0,0.0
15.0,-0.1581639832819342,-0.23059275299566265,0.13111745452028825,-0.30844953951533377,-0.555868712742375,-0.014540067946151453,-0.2789853715607197,0.0,0.0,1.0
10.0,0.6746243164390247,0.4748533892842405,0.4897799348943839,0.5970624952754284,0.7823526413619732,0.8431153362814453,0.2311233834842293,0.0,0.0,1.0
24.0,1.3824943712018396,1.3314665620526944,1.087550735517876,1.6127043721353376,0.7823526413619732,1.5730348292411014,2.2715584036640255,0.0,0.0,1.0
8.0,-0.19980339826798219,-0.33137077332136317,-0.46665334610320375,-0.6113066052054873,-0.6121911603056894,-0.5254837130179109,-0.5663705856705501,0.0,1.0,0.0
10.0,1.0910184662995046,1.0291325010755927,0.8484424152684789,1.6800059422887053,2.217448605275223,1.4224889338181728,1.1794945900466691,1.0,0.0,0.0
8.0,0.3831484115366887,0.3236863587956897,-1.0644241467266957,-0.003553032305381017,-0.08951884691813224,0.3732296626886662,-0.027523309214618267,0.0,0.0,1.0
7.0,-0.9909522830028931,-1.0872059257641167,-1.3035324669760926,-1.071200667920165,-0.9433671519779777,-1.1869732535125996,-1.0836639710682447,0.0,1.0,0.0
7.0,-0.49127930317031765,-0.4321487936470637,-0.586207506227902,-0.7377519794330262,-0.5761447938651681,-0.8037655197087801,-0.9040482122496007,0.0,1.0,0.0
13.0,0.5913454864669286,0.575631409609941,0.8484424152684789,0.5838061253967349,0.18984049299590688,0.6697594567035267,1.0860943954609747,0.0,0.0,1.0
17.0,0.5080666564948327,0.575631409609941,1.2071048956425745,0.6980148505054798,0.1402767391401902,0.5009655739566059,1.1579406989884322,0.0,0.0,1.0
8.0,0.7579031464111207,0.7267984400984913,0.4897799348943839,0.8642293343690993,1.0166540232253611,0.7199414218445032,0.6550165742962291,1.0,0.0,0.0
9.0,-0.5745581331424137,-0.38175978348421347,-0.8253158264772991,-0.6857462206781514,-0.6459846288436779,-0.5117977225249174,-0.7459863444891941,1.0,0.0,0.0
9.0,-0.03324573832379023,-0.23059275299566265,0.011563294395590387,-0.3451594868717161,-0.49954626517906076,0.2089977767727433,-0.5663705856705501,0.0,0.0,1.0
9.0,0.6746243164390247,0.7771874502613415,0.4897799348943839,0.7591980960994499,0.2596803279744167,0.9754132443803827,1.014248091933517,1.0,0.0,0.0
9.0,-0.4496398881842701,-0.38175978348421347,-0.46665334610320375,-0.5083148084556371,-0.2990383518536618,0.42341162782964237,-0.7100631927254653,0.0,0.0,1.0
27.0,0.21659075159249772,0.575631409609941,0.9679965753931773,0.7826516735771386,-0.15710578399410952,0.22268376726573688,2.0560194930816524,1.0,0.0,0.0
10.0,0.5497060714808807,0.4748533892842405,0.2506716146449868,0.30032375414467194,0.47595852661754373,0.22724576409673475,0.270638850424331,1.0,0.0,0.0
15.0,-0.1581639832819342,-0.12981473266996213,0.13111745452028825,-0.3614750190301082,-0.40492455327269256,-0.2517639031580398,-0.24306221979699105,1.0,0.0,0.0
12.0,0.7995425613971686,0.7267984400984913,0.2506716146449868,0.8917617948863861,1.2126561407456948,0.7016934345205117,0.504139336888568,0.0,0.0,1.0
18.0,0.46642724150878473,0.8275764604241918,1.326659055767273,0.9947535916362363,0.7710881518493106,0.6697594567035267,1.2297870025158895,0.0,1.0,0.0
13.0,0.4247878265227367,0.42446437912139023,0.728888255143781,0.2095686065136158,-0.006161624524427196,0.3093617070546962,0.15209244960402588,0.0,1.0,0.0
5.0,-1.157509942947085,-1.0872059257641167,-1.1839783068513943,-1.1864291137888094,-1.0672765366172692,-1.2462792123155717,-1.230948893299533,0.0,1.0,0.0
10.0,-1.282428187905229,-1.1879839460898172,-1.1839783068513943,-1.1986657629076034,-1.1235989841805836,-1.237155218653576,-1.2201719477704143,0.0,0.0,1.0
8.0,-1.9070194126959483,-1.7926520680440194,-1.3035324669760926,-1.435240979204289,-1.4299930989250136,-1.3877011140765054,-1.406972336941804,0.0,0.0,1.0
9.0,0.2582301665785457,0.22290833846998917,0.011563294395590387,-0.1269392442532216,-0.08276015321053451,-0.1422759792140912,-0.0634464609783469,0.0,1.0,0.0
15.0,0.7995425613971686,0.877965470587042,1.326659055767273,1.398563012556441,0.9896192483949702,1.509166873607132,2.01650402614155,0.0,0.0,1.0
11.0,1.7988885210623193,1.8857456738440461,1.2071048956425745,3.048471202073844,3.5601757551846362,3.0191878246674206,1.912326886026737,0.0,0.0,1.0
13.0,0.05003309164830575,0.27329734863283944,0.728888255143781,-0.027006609783069815,-0.2742564749258034,-0.23351591583404838,0.2598619048952124,1.0,0.0,0.0
6.0,-0.9076734530307975,-0.784871864787015,-1.1839783068513943,-0.9569919428114203,-0.8532512358766747,-0.9086914468217306,-1.0692947103627533,0.0,1.0,0.0
13.0,1.4657732011739355,1.6841896331926451,1.5657673760166693,1.9257586454244866,1.1067699393266641,2.4306902334686984,2.1494196876673466,1.0,0.0,0.0
8.0,0.00839367666225776,0.1725193283071389,-0.3470991859785052,-0.03414465510236626,0.19885208460603718,-0.09209401407311478,-0.3149085233244485,0.0,0.0,1.0
7.0,-0.8660340380447495,-0.8352608749498652,-0.7057616663526005,-1.0273526752444864,-1.0582649450071389,-0.958873411962707,-0.9794868309534313,0.0,1.0,0.0
16.0,0.34150899655064076,0.4748533892842405,1.087550735517876,0.19937139891462075,-0.0241848077446878,-0.21070593167905907,0.9783249401697881,0.0,0.0,1.0
8.0,-1.282428187905229,-1.3391509765783673,-1.4230866271007911,-1.2272179441847897,-1.200197512866691,-1.0774853295686513,-1.2129873174176684,1.0,0.0,0.0
11.0,0.6746243164390247,0.7771874502613415,0.6093340950190824,0.2503574369095961,0.4241418748592945,0.11319584332178856,0.270638850424331,1.0,0.0,0.0
9.0,-0.1581639832819342,-0.23059275299566265,-0.3470991859785052,-0.47466402337895347,-0.5153165504967888,-0.7627075482297995,-0.2071390680332622,0.0,1.0,0.0
8.0,0.00839367666225776,-0.07942572250711186,-0.22754502585380668,-0.37371166814890233,-0.15485288609157694,-0.5117977225249174,-0.49452428214309246,0.0,1.0,0.0
15.0,-0.03324573832379023,-0.07942572250711186,-0.22754502585380668,-0.4165399400646814,-0.6504904246487432,0.23636975775873045,-0.49452428214309246,1.0,0.0,0.0
10.0,-0.5329187181563656,-0.5833158241356144,-0.46665334610320375,-0.6398587864826736,-0.609938262403157,-0.6623436179478465,-0.5915167919051603,0.0,0.0,1.0
9.0,-0.4496398881842701,-0.48253780380991396,-0.22754502585380668,-0.624562975084181,-0.7270889533348506,-0.6760296084408401,-0.5304474339068213,0.0,1.0,0.0
11.0,1.1742972962716005,0.9787434909127426,0.4897799348943839,0.9386689498417637,1.1495749994747833,0.660635463041531,0.9172555821714491,0.0,0.0,1.0
11.0,-0.5329187181563656,-0.2809817631585129,-0.22754502585380668,-0.3869680380275958,-0.2674977812182057,-0.25632589998903765,-0.5663705856705501,1.0,0.0,0.0
11.0,0.9661002213413605,0.877965470587042,0.728888255143781,0.8112038548543249,0.5886034217441722,1.7920106771289985,0.34966978430453405,1.0,0.0,0.0
9.0,1.0493790513134567,0.877965470587042,0.4897799348943839,0.9692605726387488,0.9490670861493838,1.1989510890992776,0.9603633642879238,0.0,0.0,1.0
11.0,0.00839367666225776,0.22290833846998917,0.2506716146449868,-0.18812248984719185,-0.1661173756042398,-0.17877195386207406,-0.1712159162695334,0.0,1.0,0.0
18.0,0.6746243164390247,0.8275764604241918,0.9679965753931773,0.8122235756142248,0.5435454636935207,0.9708512475493848,0.798709181351144,0.0,0.0,1.0
11.0,0.8828213913692646,1.079521511238443,0.4897799348943839,1.0345227012723168,0.8724685574632762,1.2765050352262413,0.798709181351144,1.0,0.0,0.0
10.0,-1.9486588276819963,-1.8430410782068698,-1.4230866271007911,-1.4260634923651936,-1.3781764471667644,-1.4105110982314946,-1.3926030762363124,0.0,0.0,1.0
12.0,-0.19980339826798219,-0.02903671234426159,0.2506716146449868,-0.4736443026190539,-0.47927018405626753,-0.4981117320319238,-0.38675482685190615,1.0,0.0,0.0
10.0,1.0077396363274085,1.230688541726994,1.326659055767273,1.1446525433414636,1.2937604652368677,1.0392812000143525,0.9675479946406695,0.0,0.0,1.0
9.0,-0.03324573832379023,0.021352297818588113,0.13111745452028825,-0.3726919473890029,-0.2832680665359337,-0.19245794435506763,-0.5304474339068213,0.0,1.0,0.0
9.0,-0.7827552080726535,-0.5833158241356144,-1.1839783068513943,-0.8805128858189573,-0.9095736834399891,-0.8356994975257649,-0.8537557997803805,1.0,0.0,0.0
14.0,-0.19980339826798219,0.3236863587956897,0.3702257747696853,-0.17690556148829736,-0.7068128722120575,0.18162579578675642,-0.19636212250414356,1.0,0.0,0.0
9.0,0.7579031464111207,0.676409429935641,0.3702257747696853,0.40433527165442196,0.394854202126371,0.6332634820555438,0.3317082084226696,1.0,0.0,0.0
9.0,-0.5329187181563656,-0.48253780380991396,0.011563294395590387,-0.7785408098290065,-0.8938033981222611,-0.8539474848497565,-0.5663705856705501,0.0,1.0,0.0
23.0,-0.28308222824007817,-0.23059275299566265,0.2506716146449868,-0.08615041385724127,-0.5333397337170492,-0.37037582076398384,0.008399842549110562,1.0,0.0,0.0
6.0,-0.6161975481284616,-0.6840938444613145,-0.46665334610320375,-0.6857462206781514,-0.5333397337170492,-0.6669056147788445,-0.8537557997803805,0.0,1.0,0.0
17.0,0.7162637314250726,0.5252423994470907,0.728888255143781,0.9162350931239743,0.2281397573389604,0.6971314376895138,0.9424017884060594,0.0,1.0,0.0
10.0,0.5497060714808807,0.575631409609941,0.728888255143781,0.43594661521130634,0.469199832909946,0.5420235454355866,0.22393875313148354,1.0,0.0,0.0
8.0,-0.8660340380447495,-0.9864279054384161,-0.9448699866019973,-1.1058711737567484,-1.101070005155258,-0.9771213992866985,-1.105217862126482,0.0,1.0,0.0
6.0,-1.2407887729191809,-1.1879839460898172,-1.0644241467266957,-1.1038317322369493,-1.0650236387147367,-1.0957333168926426,-1.141141013890211,0.0,1.0,0.0
8.0,-0.24144281325403016,-0.12981473266996213,-0.10799086572910815,-0.3981849663864905,-0.25172749590047766,-0.46617775421493884,-0.6418092043743806,0.0,0.0,1.0
10.0,0.13331192162040173,-0.02903671234426159,0.2506716146449868,-0.14325477641161372,-0.23595721058274965,0.2454937514207262,-0.3508316750881773,0.0,1.0,0.0
7.0,-0.28308222824007817,0.575631409609941,-0.3470991859785052,-0.624562975084181,-0.5603745085474403,-0.461615757383941,-0.7028785623727196,0.0,0.0,1.0
8.0,-0.5329187181563656,-0.38175978348421347,-0.7057616663526005,-0.8815326065788567,-0.9501258456855755,-0.8676334753427499,-0.6705477257853637,0.0,1.0,0.0
6.0,-1.9070194126959483,-1.9438190985325703,-1.6621949473501878,-1.443398745283485,-1.407464119899688,-1.5063130316824496,-1.4249339128236684,0.0,1.0,0.0
9.0,1.0493790513134567,0.877965470587042,0.3702257747696853,1.0365621427921161,1.1518278973773157,1.2673810415642455,0.6909397260599579,1.0,0.0,0.0
13.0,0.6329849014529767,0.7267984400984913,0.8484424152684789,0.8163024586538228,0.2394042468516233,0.8476773331124431,1.2657101542796183,0.0,0.0,1.0
17.0,0.05003309164830575,0.22290833846998917,0.728888255143781,-0.10960399133492985,-0.04220799096494841,-0.2608878968200355,-0.027523309214618267,1.0,0.0,0.0
9.0,-0.6161975481284616,-0.5329268139727642,-0.46665334610320375,-0.8835720480986557,-0.9568845393931732,-0.9497494183007114,-0.6741400409617366,0.0,0.0,1.0
9.0,0.46642724150878473,0.4748533892842405,1.326659055767273,2.1011506161272013,2.6387405130488144,2.2390863665667884,1.4525105434510084,0.0,0.0,1.0
6.0,-1.282428187905229,-1.3895399867412177,-1.0644241467266957,-1.2170207365857946,-1.0222185785666178,-1.2736511933015588,-1.2740566754160074,0.0,1.0,0.0
12.0,0.7995425613971686,1.0291325010755927,0.8484424152684789,1.603526885296242,0.6809722357480076,0.10407184965979284,3.1337140459935164,0.0,0.0,1.0
10.0,0.2582301665785457,0.22290833846998917,0.3702257747696853,-0.1820041652877948,-0.20666953784982617,-0.3384418429469991,0.29578505665894117,0.0,1.0,0.0
5.0,-2.0319376576540917,-2.094986129021121,-1.5426407872254895,-1.4403395830037866,-1.3736706513616992,-1.5428090063304323,-1.46444937976377,0.0,1.0,0.0
10.0,0.9661002213413605,0.9283544807498924,0.8484424152684789,1.15281030942066,0.6043737070619003,1.007347222197368,1.1579406989884322,1.0,0.0,0.0
10.0,-0.07488515330983822,-0.02903671234426159,-0.22754502585380668,-0.2176943918842777,-0.17738186511690268,-0.4524917637219453,-0.2071390680332622,0.0,0.0,1.0
10.0,-0.4496398881842701,-0.4321487936470637,-0.10799086572910815,-0.6255826958440804,-0.5400984274246471,-0.25632589998903765,-0.6741400409617366,0.0,0.0,1.0
7.0,-1.0325916979889411,-1.0872059257641167,-1.1839783068513943,-1.1160683813557435,-1.0852997198375298,-1.0911713200616449,-1.141141013890211,0.0,1.0,0.0
14.0,-0.3247216432261261,-0.4321487936470637,0.011563294395590387,-0.4267371476636765,-0.44998251132334405,-0.32931784928500335,-0.4442318696738723,1.0,0.0,0.0
8.0,-0.6161975481284616,-0.6840938444613145,-1.0644241467266957,-1.0283723960043858,-0.9951838037362268,-1.0637993390756577,-0.9615252550715668,0.0,1.0,0.0
11.0,0.21659075159249772,0.12213031814428864,-0.586207506227902,-0.3278242339534246,-0.3012912497561943,-0.39774780174997126,-0.21432369838600798,0.0,1.0,0.0
13.0,0.7995425613971686,0.8275764604241918,0.728888255143781,0.7785727905375406,0.7170186021885288,0.6834454471965202,0.6909397260599579,0.0,0.0,1.0
9.0,0.00839367666225776,-0.07942572250711186,-0.3470991859785052,-0.2697001506391525,0.043402129331289466,-0.3840618112569774,-0.5376320642595672,0.0,1.0,0.0
12.0,1.7572491060762714,1.4826335925412453,1.924429856390765,3.0678458965119346,3.9656973776405,1.6779607563540522,2.734967061416127,0.0,0.0,1.0
10.0,-0.19980339826798219,-0.12981473266996213,0.011563294395590387,-0.2309507617629712,-0.19315215043463071,-0.041912048932138346,0.008399842549110562,1.0,0.0,0.0
11.0,1.6323308611181275,1.3818555722155448,1.326659055767273,1.8737528866696116,2.0822747311232686,1.8467546391009724,1.664457138857008,0.0,0.0,1.0
8.0,-1.6571829227796604,-2.094986129021121,-1.4230866271007911,-1.4872467379591638,-1.4412575884376766,-1.4424450760484797,-1.4860032708220074,0.0,1.0,0.0
10.0,0.34150899655064076,0.22290833846998917,0.2506716146449868,0.00460473377381482,0.29347379651240507,-0.06472203308712789,-0.14247739485855052,0.0,0.0,1.0
13.0,0.2582301665785457,0.4748533892842405,0.4897799348943839,0.4665382380082918,0.14928833075032052,0.4325356214916383,0.38918525124463577,0.0,0.0,1.0
11.0,0.9661002213413605,1.230688541726994,0.6093340950190824,0.7357445186217615,0.5277751783757927,1.089463165155329,0.798709181351144,0.0,0.0,1.0
7.0,-0.7411157930866056,-0.8352608749498652,-0.7057616663526005,-0.8060732703462933,-0.8172048694361536,-0.7490215577368058,-0.6022937374342789,1.0,0.0,0.0
9.0,0.8411819763832166,0.877965470587042,0.8484424152684789,0.9478464366808591,0.9963779421025681,1.2445710574092563,0.8346323331148728,0.0,0.0,1.0
13.0,0.00839367666225776,0.021352297818588113,0.6093340950190824,-0.05759823258005505,-0.43195932810308346,0.163377808462765,0.08024614607656821,0.0,0.0,1.0
6.0,-1.5739040928075645,-1.5910960273926187,-1.4230866271007911,-1.344485831573233,-1.306083714285722,-1.2462792123155717,-1.3602722396489564,0.0,1.0,0.0
11.0,0.21659075159249772,0.42446437912139023,-0.22754502585380668,0.18611502903592725,0.08395429157687558,0.528337554942593,0.36763136018639847,0.0,0.0,1.0
10.0,0.4247878265227367,0.7267984400984913,0.728888255143781,0.5532145025997499,0.6606961546252147,0.6195774915625503,0.5113239672413138,1.0,0.0,0.0
7.0,-2.0319376576540917,-1.9942081086954204,-1.4230866271007911,-1.4688917642809727,-1.4344988947300787,-1.4059491014004968,-1.468041694940143,0.0,0.0,1.0
8.0,-0.5745581331424137,-0.6337048342984648,-0.8253158264772991,-0.8733748404996606,-0.8802860107070658,-0.958873411962707,-0.8106480176639059,0.0,1.0,0.0
8.0,-1.7404617527517563,-1.7926520680440194,-1.6621949473501878,-1.3964915903281079,-1.380429345069297,-1.3694531267525138,-1.4285262280000413,0.0,1.0,0.0
16.0,0.1749513366064497,0.42446437912139023,0.4897799348943839,0.06680770012768492,-0.3012912497561943,-0.23807791266504622,0.9064786366423305,0.0,0.0,1.0
11.0,1.8405279360483675,1.5834116128669447,1.8048756962660664,2.2479904055527307,2.4179565186006213,2.5356161605816485,1.8764037342630082,0.0,0.0,1.0
9.0,-1.324067602891277,-1.4903180070669182,-0.586207506227902,-1.2455729178629809,-1.1979446149641586,-1.241717215484574,-1.2129873174176684,0.0,1.0,0.0
6.0,-1.9486588276819963,-1.9942081086954204,-1.901303267599585,-1.4464579075631838,-1.3669119576541016,-1.433321082386484,-1.500372531527499,0.0,1.0,0.0
9.0,0.8411819763832166,0.7771874502613415,0.4897799348943839,0.8672884966487979,1.043688798055752,0.7153794250135053,0.7879322358220253,1.0,0.0,0.0
9.0,0.7995425613971686,0.6260204197727908,0.011563294395590387,0.05661049252868984,0.0005970691831705303,-0.1878959475240698,0.40355451195012726,0.0,1.0,0.0
7.0,-0.5329187181563656,-0.6337048342984648,-0.7057616663526005,-0.9243608784946361,-0.9321026624653148,-1.118543301047632,-0.8178326480166517,0.0,1.0,0.0
9.0,-1.115870527961037,-1.0872059257641167,-1.1839783068513943,-1.067121784880567,-0.9749077226134337,-1.05923734224466,-1.105217862126482,0.0,0.0,1.0
10.0,0.21659075159249772,0.12213031814428864,0.4897799348943839,1.0437001881114127,1.2306793239659555,1.189827095437282,0.7556013992346694,0.0,0.0,1.0
13.0,0.5913454864669286,0.877965470587042,1.087550735517876,0.9305111837625671,0.25517453216935154,0.3960396468436552,1.7686342789718217,1.0,0.0,0.0
8.0,-0.8660340380447495,-0.9864279054384161,-0.9448699866019973,-1.1181078228755426,-1.1123344946679208,-1.086609323230647,-1.051333134480889,0.0,1.0,0.0
9.0,0.6746243164390247,0.4748533892842405,0.13111745452028825,0.30338291642437054,0.48947591403273893,-0.028226058439145028,0.2598619048952124,1.0,0.0,0.0
10.0,0.13331192162040173,0.07174130798143838,0.728888255143781,0.10249792672416759,-0.09177174482066507,0.2500557482517243,0.11616929784029704,0.0,0.0,1.0
10.0,0.7162637314250726,0.42446437912139023,0.2506716146449868,0.08618239456577546,0.2146223699237652,0.026517903532829266,0.08024614607656821,0.0,0.0,1.0
8.0,0.1749513366064497,0.12213031814428864,-0.3470991859785052,-0.22789159948327256,-0.006161624524427196,-0.6258476432998639,-0.13529276450580455,0.0,1.0,0.0
6.0,-0.6161975481284616,-0.5833158241356144,-0.3470991859785052,-0.7163378434751366,-0.6121911603056894,-0.8356994975257649,-0.868125060485872,0.0,1.0,0.0
10.0,0.5913454864669286,0.5252423994470907,0.3702257747696853,0.41045359621381877,0.30699118392760055,0.24093175458972832,0.658608889472602,0.0,0.0,1.0
8.0,0.7995425613971686,0.7267984400984913,0.4897799348943839,0.5787075215972375,0.9197794134164606,0.5830815169145673,0.302969687011687,1.0,0.0,0.0
9.0,0.7162637314250726,0.7771874502613415,0.13111745452028825,1.0233057729134225,1.90880159262826,0.4097256373366491,0.3424851539517883,0.0,0.0,1.0
4.0,-2.3234135625564276,-2.044597118858271,-1.901303267599585,-1.5341538929145413,-1.4660394653655349,-1.5199990221754431,-1.561441889525838,0.0,1.0,0.0
6.0,-2.823086542389003,-0.33137077332136317,-0.46665334610320375,-0.7428505832325237,-0.7361005449449809,-0.6942775957648316,-0.6382168891980078,0.0,1.0,0.0
11.0,1.3824943712018396,1.281077551889844,1.087550735517876,2.0338490459738336,1.9718827338991727,2.083978474312861,1.8692191039102626,1.0,0.0,0.0
10.0,1.7988885210623193,1.6338006230297948,0.9679965753931773,2.128683076644488,2.487796353579131,2.2482103602287844,1.4884336952147372,0.0,0.0,1.0
9.0,-1.157509942947085,-1.0368169156012663,-1.1839783068513943,-1.1242261474349393,-1.1281047799856487,-1.177849259850604,-0.9974484068352957,0.0,0.0,1.0
6.0,-1.8653799977099004,-1.7926520680440194,-1.0644241467266957,-1.4077085186870022,-1.3669119576541016,-1.3147091647805396,-1.4500801190582786,0.0,1.0,0.0
6.0,-1.2407887729191809,-1.641485037555469,-0.9448699866019973,-0.8866312103783544,-0.8712744190969354,-0.8174515102017736,-0.9076405274259736,0.0,1.0,0.0
10.0,1.0077396363274085,1.0291325010755927,1.2071048956425745,1.0895876223068908,0.9625844735645793,1.6551507721990635,0.8705554848786017,1.0,0.0,0.0
9.0,-1.4489858478494209,-1.4903180070669182,-1.1839783068513943,-1.292480072818358,-1.2835547352603962,-1.2736511933015588,-1.2453181540050244,0.0,0.0,1.0
10.0,1.5906914461320796,1.1802995315641436,1.4462132158919714,2.164373303240971,2.6612694920741395,2.3303263031867454,1.3770719247471777,0.0,0.0,1.0
12.0,0.34150899655064076,0.42446437912139023,1.087550735517876,0.20345028195421877,-0.2584861896080754,-0.0008540774531578805,0.18801560136775472,1.0,0.0,0.0
10.0,0.5080666564948327,0.4748533892842405,0.13111745452028825,0.25341659918929454,0.15829992236045082,0.8020573648024646,0.13772318889853435,0.0,0.0,1.0
11.0,0.9661002213413605,0.7771874502613415,1.087550735517876,1.2048160681755347,1.4154169519736266,1.5137288704381293,0.6226857377088731,1.0,0.0,0.0
6.0,-0.3247216432261261,-0.38175978348421347,-0.22754502585380668,-0.6174249297648844,-0.49954626517906076,-0.6897155989338337,-0.598701422257906,0.0,0.0,1.0
15.0,0.6329849014529767,0.6260204197727908,1.4462132158919714,0.41249303773361756,0.14703543284778794,0.2089977767727433,0.36763136018639847,1.0,0.0,0.0
6.0,-1.6571829227796604,-1.6918740477183192,-1.5426407872254895,-1.3087956049767502,-1.2475083688198751,-1.241717215484574,-1.3566799244725836,0.0,1.0,0.0
7.0,0.09167250663435374,-0.02903671234426159,0.011563294395590387,-0.19831969744618694,-0.10528913223586027,-0.22439192217205264,-0.3508316750881773,0.0,0.0,1.0
9.0,-0.4496398881842701,-0.5329268139727642,-0.46665334610320375,-0.6877856621979505,-0.8239635631437514,-0.6212856464688659,-0.7639479203710585,0.0,1.0,0.0
6.0,-1.365707017877325,-1.3895399867412177,-1.3035324669760926,-1.2445531971030812,-1.1393692694983117,-1.301023174287546,-1.2704643602396346,0.0,1.0,0.0
8.0,0.5497060714808807,0.6260204197727908,0.13111745452028825,0.2962448711050741,0.42188897695676164,0.505527570787604,0.36044672983365267,0.0,1.0,0.0
18.0,1.0077396363274085,0.8275764604241918,1.2071048956425745,0.9743591764382461,0.5390396678884556,1.6049688070580865,0.7627860295874151,1.0,0.0,0.0
8.0,-0.28308222824007817,-0.23059275299566265,-0.3470991859785052,-0.36657362282960565,-0.17738186511690268,-0.5163597193559153,-0.49811659731946534,0.0,0.0,1.0
11.0,2.0487250109786075,1.9865236941697468,0.8484424152684789,2.4917036671687125,1.9876530192169004,3.151485732766359,0.8346323331148728,0.0,0.0,1.0
10.0,1.1742972962716005,1.1802995315641436,1.6853215361413678,1.6626706893704137,2.06650444580554,1.44986091480416,1.3555180336889405,1.0,0.0,0.0
14.0,-0.19980339826798219,-0.23059275299566265,0.3702257747696853,-0.13611673109231706,0.09071298528447355,-0.17877195386207406,-0.3508316750881773,0.0,1.0,0.0
15.0,-0.24144281325403016,-0.07942572250711186,0.011563294395590387,-0.10450538753543243,-0.7113186680171226,-0.005416074284155738,0.08024614607656821,0.0,0.0,1.0
9.0,0.05003309164830575,0.22290833846998917,0.4897799348943839,-0.21259578808478005,-0.17287606931183752,-0.48442574153893025,0.008399842549110562,0.0,1.0,0.0
10.0,-0.07488515330983822,-0.02903671234426159,-0.46665334610320375,-0.3726919473890029,-0.3148086371713898,-0.365813823932986,-0.4442318696738723,1.0,0.0,0.0
9.0,-0.1581639832819342,-0.02903671234426159,-0.7057616663526005,-0.415520219304782,-0.24496880219287995,-0.1878959475240698,-0.45860113037936384,0.0,0.0,1.0
17.0,0.34150899655064076,0.1725193283071389,0.4897799348943839,0.232002463231405,-0.04446088886748098,0.34585768170267905,0.2598619048952124,0.0,0.0,1.0
8.0,0.1749513366064497,0.22290833846998917,0.011563294395590387,-0.1157223158943269,-0.3170615350739224,0.08582386233580142,0.16286939513314452,0.0,1.0,0.0
13.0,0.09167250663435374,0.27329734863283944,0.3702257747696853,0.12799094572165517,-0.08050725530800194,-0.032788055270142884,0.08024614607656821,0.0,0.0,1.0
9.0,0.2998695815645937,0.4748533892842405,0.4897799348943839,0.281968780466481,0.41963607905422934,0.24093175458972832,0.2526772745424662,1.0,0.0,0.0
7.0,-0.3247216432261261,-0.33137077332136317,-0.22754502585380668,-0.46140765350025975,-0.2967854539511292,-0.4753017478769346,-0.5663705856705501,0.0,1.0,0.0
7.0,-0.7827552080726535,-0.8352608749498652,-0.9448699866019973,-0.9467947352124252,-0.9095736834399891,-0.8950054563287371,-0.9615252550715668,0.0,1.0,0.0
12.0,0.8828213913692646,0.877965470587042,0.4897799348943839,0.5389384119611565,0.6201439923796286,0.36866766585766836,0.5472471190050426,0.0,0.0,1.0
10.0,0.5497060714808807,0.5252423994470907,0.13111745452028825,0.2044700027141184,0.09296588318700613,0.5420235454355866,0.11616929784029704,0.0,0.0,1.0
8.0,-0.6161975481284616,-0.4321487936470637,-0.3470991859785052,-0.7479491870320213,-0.6572491183563409,-0.7490215577368058,-0.7711325507238043,0.0,1.0,0.0
12.0,-0.6161975481284616,-0.48253780380991396,0.4897799348943839,-0.5338078274531247,-0.8352280526564142,-0.5117977225249174,-0.09936961274207573,0.0,0.0,1.0
9.0,0.05003309164830575,0.07174130798143838,-0.22754502585380668,-0.27479875443864993,0.1402767391401902,-0.6349716369618594,-0.51607817320133,0.0,1.0,0.0
9.0,-1.4906252628354688,-1.3895399867412177,-1.1839783068513943,-1.292480072818358,-1.2677844499426683,-1.2325932218225781,-1.292018251297872,0.0,0.0,1.0
12.0,-0.07488515330983822,-0.18020374283281237,0.011563294395590387,-0.5572614049308136,-0.7180773617247204,-0.6121616528068702,-0.11014655827119438,0.0,1.0,0.0
13.0,0.00839367666225776,0.07174130798143838,0.2506716146449868,-0.2309507617629712,-0.5581216106449077,-0.08753201724211693,0.22393875313148354,1.0,0.0,0.0
7.0,-0.24144281325403016,-0.784871864787015,-0.9448699866019973,-0.7928169004675997,-0.8217106652412188,-0.7809555355537907,-0.6382168891980078,0.0,1.0,0.0
11.0,0.1749513366064497,0.27329734863283944,0.13111745452028825,0.22384469715220892,0.04114923142875689,-0.5117977225249174,0.7627860295874151,0.0,0.0,1.0
16.0,-0.03324573832379023,0.1725193283071389,0.6093340950190824,0.32581677314215973,0.16505861606804853,0.4051636405056512,0.5831702707687715,1.0,0.0,0.0
9.0,0.5080666564948327,0.575631409609941,0.2506716146449868,0.308481520223868,0.32501436714786114,0.6743214535345246,0.05869225501833092,0.0,0.0,1.0
9.0,0.09167250663435374,0.021352297818588113,-0.22754502585380668,-0.4512104459012647,-0.4116832469802903,-0.5300457098489089,-0.2969469474425841,0.0,1.0,0.0
6.0,-1.4906252628354688,-1.3391509765783673,-1.0644241467266957,-1.2833025859792626,-1.279048939455331,-1.1596012725266127,-1.2129873174176684,0.0,1.0,0.0
8.0,-0.19980339826798219,-0.2809817631585129,0.011563294395590387,-0.39410608334689246,-0.3711310847347042,-0.3430038397779967,-0.4334549241447536,1.0,0.0,0.0
17.0,1.0910184662995046,1.7345786433554955,1.5657673760166693,2.5528869127626828,2.701821654319726,1.4681089021281513,2.6020513998903296,0.0,0.0,1.0
9.0,-0.19980339826798219,-0.18020374283281237,-0.10799086572910815,-0.09634762145623636,0.007355762890768257,-0.21070593167905907,-0.0023771029800080876,0.0,0.0,1.0
7.0,-0.8243946230587016,-0.8352608749498652,-0.7057616663526005,-1.0100174223261946,-0.8397338484614792,-1.237155218653576,-0.9974484068352957,0.0,1.0,0.0
6.0,-1.6155435077936124,-1.4399289969040678,-1.1839783068513943,-1.3230716956153434,-1.3128424079933199,-1.3192711616115376,-1.284833620945126,0.0,1.0,0.0
5.0,-1.9486588276819963,-1.8430410782068698,-1.5426407872254895,-1.404649356407304,-1.3871880387768947,-1.433321082386484,-1.4285262280000413,1.0,0.0,0.0
13.0,0.5497060714808807,0.6260204197727908,0.9679965753931773,0.6011413783150265,0.2754506132921445,0.9115452887464132,0.8705554848786017,0.0,0.0,1.0
14.0,0.3831484115366887,0.42446437912139023,0.6093340950190824,0.15144452319934398,-0.1300710091637186,0.03564189719482498,0.40355451195012726,1.0,0.0,0.0
8.0,0.6329849014529767,0.5252423994470907,0.2506716146449868,0.8285391077726169,1.0955054498140016,0.8522393299434404,0.36763136018639847,1.0,0.0,0.0
10.0,0.5913454864669286,0.7267984400984913,1.087550735517876,0.7133106619039725,0.7508120707265177,1.0666531810003397,0.5400624886522969,0.0,0.0,1.0
8.0,-1.074231112974989,-0.8856498851127155,-0.9448699866019973,-1.063042901840969,-0.9478729477830429,-1.1596012725266127,-1.0692947103627533,0.0,1.0,0.0
10.0,0.1749513366064497,0.27329734863283944,0.2506716146449868,-0.29213400735694167,-0.31030284136632463,-0.3247558524540055,-0.09936961274207573,1.0,0.0,0.0
9.0,0.21659075159249772,0.37407536895854,0.3702257747696853,0.32989565618175776,0.8319163952176905,-0.023664061608146915,-0.1496620252112961,1.0,0.0,0.0
8.0,-1.157509942947085,-1.3391509765783673,-0.586207506227902,-1.1425811211131307,-1.179921431743898,-0.8950054563287371,-1.105217862126482,0.0,0.0,1.0
6.0,-1.282428187905229,-1.1879839460898172,-1.0644241467266957,-1.1823502307492113,-1.148380861108442,-1.118543301047632,-1.2345412084759058,0.0,1.0,0.0
15.0,-0.36636105821217413,-0.07942572250711186,-0.3470991859785052,-0.1422350556517141,-0.6617549141614061,-0.014540067946151453,0.008399842549110562,1.0,0.0,0.0
11.0,-0.24144281325403016,-0.18020374283281237,-0.3470991859785052,-0.332922837752922,-0.3395905140992481,-0.16964796020007836,-0.2789853715607197,0.0,1.0,0.0
11.0,-0.19980339826798219,0.12213031814428864,-0.3470991859785052,-0.4257174269037771,-0.47025859244613727,-0.27913588414402696,-0.24306221979699105,0.0,0.0,1.0
9.0,0.6329849014529767,0.42446437912139023,0.13111745452028825,0.09841904368456955,0.3295201629529263,-0.23351591583404838,0.008399842549110562,0.0,0.0,1.0
22.0,0.9661002213413605,1.1802995315641436,1.8048756962660664,1.9379952945432806,0.4241418748592945,0.9571652570563912,2.2356352519002964,1.0,0.0,0.0
8.0,-1.407346432863373,-1.4399289969040678,-1.3035324669760926,-1.280243423699564,-1.3083366121882547,-1.1641632693576105,-1.2165796325940412,0.0,0.0,1.0
8.0,-1.282428187905229,-1.2383729562526673,-1.0644241467266957,-1.2292573857045888,-1.1078286988628556,-1.177849259850604,-1.230948893299533,0.0,1.0,0.0
5.0,-1.8237405827238524,-1.89343008836972,-1.6621949473501878,-1.4026099148875049,-1.3398771828237106,-1.364891129921516,-1.4500801190582786,0.0,1.0,0.0
4.0,-2.3234135625564276,-2.145375139183971,-1.901303267599585,-1.4964242247982595,-1.4187286094123508,-1.4241970887244881,-1.529111052938482,0.0,1.0,0.0
10.0,1.2159367112576485,1.432244582378395,0.3702257747696853,1.50359425082609,2.246736278008146,1.4452989179731615,0.8274477027621271,1.0,0.0,0.0
8.0,0.5913454864669286,0.27329734863283944,0.2506716146449868,0.14532619863994692,0.26193322587694906,-0.09665601090411263,0.18801560136775472,1.0,0.0,0.0
8.0,-0.4496398881842701,-0.33137077332136317,-0.46665334610320375,-0.5062753669358381,-0.4206948385904206,-0.7946415260467844,-0.5017089124958384,0.0,0.0,1.0
6.0,0.05003309164830575,0.021352297818588113,0.011563294395590387,-0.30131149419603737,-0.22469272107008678,-0.3566898302709905,-0.39753177238102483,0.0,0.0,1.0
8.0,-0.24144281325403016,-0.33137077332136317,0.011563294395590387,-0.6826870583984529,-0.8036874820209581,-0.7581455513988015,-0.34364704473543156,0.0,1.0,0.0
11.0,-0.40800047319822214,-0.2809817631585129,0.13111745452028825,-0.527689502893728,-0.8667686232918703,-0.5711036813278895,-0.3723855661464146,1.0,0.0,0.0
5.0,-1.5322646778215163,-1.5910960273926187,-1.5426407872254895,-1.326130857895042,-1.3196011017009175,-1.2325932218225781,-1.3926030762363124,0.0,1.0,0.0
13.0,1.6323308611181275,1.6841896331926451,1.8048756962660664,2.8496256538934395,2.415703620698089,2.047482499664879,2.7385593765924994,1.0,0.0,0.0
6.0,-1.282428187905229,-1.3391509765783673,-1.3035324669760926,-1.2731053783802675,-1.1866801254514956,-1.1367912883716234,-1.141141013890211,0.0,1.0,0.0
11.0,0.5080666564948327,0.42446437912139023,0.2506716146449868,0.34315202606045125,0.20786367621616747,0.9343552729014024,0.08743077642931399,0.0,0.0,1.0
13.0,1.5490520311460314,1.432244582378395,1.4462132158919714,2.1939452052780566,2.3548753773297104,2.3668222778347285,1.8764037342630082,0.0,0.0,1.0
5.0,-2.4483318075145717,-2.296542169672522,-2.140411587848982,-1.5596469119120289,-1.522361912928849,-1.5245610190064407,-1.5722188350549566,0.0,1.0,0.0
10.0,1.0910184662995046,0.9787434909127426,0.8484424152684789,0.9417281121214619,1.1766097743051742,1.0575291873383441,0.6262780528852461,1.0,0.0,0.0
8.0,-0.9909522830028931,-1.0368169156012663,-1.3035324669760926,-1.1588966532715228,-1.1033229030577905,-1.1048573105546384,-1.105217862126482,0.0,0.0,1.0
9.0,0.09167250663435374,0.27329734863283944,0.2506716146449868,-0.21157606732488066,-0.4071774511752254,-0.3840618112569774,0.08024614607656821,0.0,0.0,1.0
8.0,-1.4489858478494209,-1.4903180070669182,-1.0644241467266957,-1.2394545933035839,-1.1754156359388328,-1.2554032059775675,-1.2129873174176684,0.0,1.0,0.0
15.0,0.5497060714808807,0.5252423994470907,0.3702257747696853,0.1575628477587408,-0.14584129448144662,-0.29282187463702053,0.6909397260599579,0.0,0.0,1.0
11.0,0.6329849014529767,0.676409429935641,0.2506716146449868,0.5307806458819605,0.7215243979935939,0.38691565318165977,0.38200062089188996,0.0,0.0,1.0
12.0,-0.1581639832819342,-0.2809817631585129,0.13111745452028825,-0.36249473979000785,-0.2967854539511292,0.08582386233580142,-0.49452428214309246,1.0,0.0,0.0
12.0,0.8411819763832166,0.9283544807498924,0.9679965753931773,1.1048834337053832,1.28700177152927,1.1168351461413162,0.9459941035824322,0.0,0.0,1.0
10.0,2.0487250109786075,1.9361346840068965,1.8048756962660664,2.785383246019771,3.1186077662882528,2.7500300116385485,2.479912683893652,0.0,0.0,1.0
19.0,-0.6161975481284616,-0.5329268139727642,-0.46665334610320375,-0.849921263021972,-1.1033229030577905,-1.0409893549206684,-0.5663705856705501,0.0,1.0,0.0
13.0,0.6746243164390247,0.6260204197727908,0.011563294395590387,0.22486441791210854,-0.0940246427231974,0.18618779261775428,0.5831702707687715,0.0,1.0,0.0
9.0,0.8411819763832166,0.7267984400984913,1.4462132158919714,1.0090296822748293,1.1180344288393271,1.1396451302963055,0.8346323331148728,1.0,0.0,0.0
8.0,0.5080666564948327,0.42446437912139023,0.2506716146449868,0.12799094572165517,0.17181730977564627,0.2089977767727433,0.10180003713480552,0.0,1.0,0.0
7.0,0.5080666564948327,0.42446437912139023,0.2506716146449868,0.2228249763923093,0.484970118227674,0.20443577994174572,-0.09936961274207573,1.0,0.0,0.0
17.0,1.3824943712018396,1.5330226027040954,1.8048756962660664,1.8156288033553396,1.4447046247065505,1.0803391714933333,1.6608648236806351,1.0,0.0,0.0
7.0,-0.7827552080726535,-0.6840938444613145,-0.7057616663526005,-0.9467947352124252,-0.9028149897323914,-0.8676334753427499,-0.9615252550715668,0.0,1.0,0.0
20.0,0.3831484115366887,0.42446437912139023,0.728888255143781,0.5491356195601514,0.246162940559221,0.058451881349814265,1.193863850752161,1.0,0.0,0.0
9.0,0.00839367666225776,-0.07942572250711186,0.3702257747696853,-0.2482860146812627,-0.34860210570937844,-0.18333395069307193,-0.09936961274207573,0.0,0.0,1.0
8.0,-0.3247216432261261,-0.33137077332136317,-0.3470991859785052,-0.5440050350521198,-0.49053467356893043,-0.4205577859049603,-0.6202553133161434,0.0,1.0,0.0
10.0,-0.3247216432261261,-0.38175978348421347,0.011563294395590387,-0.5225908990942303,-0.7000541785044598,-0.3566898302709905,-0.45860113037936384,0.0,0.0,1.0
11.0,-0.19980339826798219,0.021352297818588113,0.2506716146449868,-0.34006088307221843,-0.350855003611911,-0.39774780174997126,-0.13529276450580455,0.0,0.0,1.0
11.0,0.00839367666225776,-0.07942572250711186,-0.586207506227902,-0.4063427324656866,-0.4680056945436047,-0.33387984611600097,-0.422677978615635,1.0,0.0,0.0
9.0,-0.36636105821217413,-0.38175978348421347,-0.3470991859785052,-0.7234758887944333,-0.8126990736310885,-0.7034015894268273,-0.45860113037936384,0.0,1.0,0.0
9.0,-0.6994763781005576,-0.6840938444613145,-0.46665334610320375,-0.7968957835071978,-0.6662607099664712,-0.8904434594977392,-0.8537557997803805,0.0,1.0,0.0
9.0,0.6329849014529767,0.676409429935641,0.4897799348943839,0.4033155508945221,0.5660744427188464,0.6287014852245459,0.1269462433694157,1.0,0.0,0.0
14.0,0.6329849014529767,0.676409429935641,1.2071048956425745,0.5277214836022619,0.19659918670350435,0.7746853838164774,0.6190934225325002,0.0,0.0,1.0
3.0,-3.0729230323052907,-3.001988311952425,-2.3795199080983784,-1.6585598256222813,-1.5899488500048262,-1.6203629524573957,-1.6799882903461427,0.0,0.0,1.0
12.0,1.0910184662995046,1.079521511238443,1.4462132158919714,1.3567544614005613,1.6497183338370145,1.1715791081132905,1.193863850752161,1.0,0.0,0.0
8.0,-1.282428187905229,-1.288761966415517,-0.8253158264772991,-1.2333362687441867,-1.2520141646249403,-1.1231052978786298,-1.1770641656539398,0.0,0.0,1.0
12.0,-0.6161975481284616,-0.6337048342984648,-0.586207506227902,-0.6786081753588549,-0.7608824218728393,-0.5802276749898853,-0.7100631927254653,1.0,0.0,0.0
10.0,0.7995425613971686,1.0291325010755927,0.8484424152684789,0.923373138443271,0.9558257798569818,0.528337554942593,1.0860943954609747,0.0,0.0,1.0
8.0,-0.6161975481284616,-0.6840938444613145,-0.8253158264772991,-0.7958760627472982,-0.6730194036740689,-0.8037655197087801,-0.8537557997803805,0.0,1.0,0.0
6.0,-1.5322646778215163,-1.4903180070669182,-1.1839783068513943,-1.3251111371351423,-1.2767960415527986,-1.1687252661886085,-1.320756772708855,0.0,1.0,0.0
16.0,0.09167250663435374,-0.02903671234426159,1.087550735517876,0.011742779093111489,-0.18864635462956555,-0.0738460267491236,0.36763136018639847,0.0,0.0,1.0
9.0,-0.1581639832819342,-0.18020374283281237,-0.46665334610320375,-0.3584158567504096,-0.12556521335865345,-0.3840618112569774,-0.51607817320133,0.0,0.0,1.0
7.0,0.00839367666225776,-0.07942572250711186,0.011563294395590387,-0.35637641523061053,-0.24496880219287995,-0.1878959475240698,-0.5017089124958384,0.0,1.0,0.0
5.0,-2.2401347325843317,-2.195764149346821,-1.901303267599585,-1.5147791984764507,-1.439004690535144,-1.4789410506964624,-1.5362956832912278,0.0,1.0,0.0
11.0,0.5913454864669286,0.9283544807498924,0.6093340950190824,0.47163684180778925,0.19209339089843944,0.9069832919154153,0.2598619048952124,0.0,0.0,1.0
12.0,1.0077396363274085,1.0291325010755927,0.9679965753931773,1.6127043721353376,1.9020428989206626,1.2901910257192348,1.642903247798771,1.0,0.0,0.0
9.0,-0.36636105821217413,-0.5329268139727642,-0.3470991859785052,-0.6826870583984529,-0.5446042232297122,-0.8858814626667414,-0.6382168891980078,0.0,1.0,0.0
8.0,-0.4496398881842701,-0.33137077332136317,-0.46665334610320375,-0.6969631490370459,-0.7361005449449809,-0.7444595609058079,-0.7459863444891941,0.0,1.0,0.0
12.0,1.0077396363274085,1.0291325010755927,1.2071048956425745,1.3414586500020687,1.2847488736267374,1.0529671905073468,1.337556457807076,0.0,0.0,1.0
7.0,-1.074231112974989,-1.1375949359269668,-0.9448699866019973,-1.092614803878055,-0.9884251100286291,-1.082047326399649,-1.1267717531847194,0.0,1.0,0.0
9.0,-0.8660340380447495,-1.0368169156012663,-0.7057616663526005,-1.1191275436354418,-1.195691717061626,-0.9315014309767199,-1.0297792434226516,0.0,1.0,0.0
17.0,0.05003309164830575,0.1725193283071389,0.728888255143781,0.24525883311009872,-0.04896668467254613,0.5374615486045888,0.2814157959534497,1.0,0.0,0.0
13.0,0.2998695815645937,0.22290833846998917,-0.3470991859785052,-0.05351934954045702,-0.20892243575235875,-0.08297002041111906,0.17364634066226317,1.0,0.0,0.0
7.0,-0.8243946230587016,-0.784871864787015,-1.4230866271007911,-0.9539327805317218,-1.01545988485902,-0.8950054563287371,-0.8178326480166517,0.0,0.0,1.0
6.0,-1.7821011677378042,-1.8430410782068698,-2.140411587848982,-1.3954718695682085,-1.3150953058958523,-1.2964611774565482,-1.3926030762363124,0.0,1.0,0.0
8.0,-0.36636105821217413,-0.4321487936470637,-0.10799086572910815,-0.3859483172676964,-0.29227965814606405,-0.6167236496378681,-0.45860113037936384,1.0,0.0,0.0
6.0,-0.8243946230587016,-0.9360388952755658,-0.9448699866019973,-0.9213017162149375,-0.878033112804533,-0.990807389779692,-0.9615252550715668,0.0,1.0,0.0
14.0,0.8411819763832166,0.5252423994470907,0.4897799348943839,0.8377165946117123,0.8589511700480813,0.8431153362814453,1.014248091933517,0.0,1.0,0.0
7.0,-0.6578369631145096,-0.6337048342984648,-0.8253158264772991,-0.8560395875813691,-0.8645157253893376,-0.7216495767508186,-0.8753096908386179,0.0,1.0,0.0
10.0,-1.4489858478494209,-1.4903180070669182,-1.3035324669760926,-1.3353083447341376,-1.3015779184806568,-1.3329571521045311,-1.284833620945126,0.0,1.0,0.0
5.0,-2.365052977542476,-2.346931179835372,-2.25996574797368,-1.5474102627932347,-1.4773039548781974,-1.433321082386484,-1.5722188350549566,0.0,1.0,0.0
9.0,0.4247878265227367,0.575631409609941,0.011563294395590387,0.2636138067882896,0.37232522310104527,0.008269916208837835,0.2275310683078564,1.0,0.0,0.0
14.0,0.7995425613971686,0.7771874502613415,1.5657673760166693,0.7959080434558325,0.12675935172499475,0.6378254788865417,1.050171243697246,0.0,0.0,1.0
7.0,-2.156855902612236,-2.094986129021121,-1.7817491074748864,-1.5188580815160488,-1.4660394653655349,-1.5519329999924278,-1.500372531527499,0.0,0.0,1.0
11.0,1.2159367112576485,1.281077551889844,1.2071048956425745,1.7136567273653889,1.7443400457433826,1.030157206352357,1.9338807770849744,0.0,0.0,1.0
7.0,-1.324067602891277,-1.3391509765783673,-0.10799086572910815,-1.2007052044274025,-1.1326105757907137,-1.241717215484574,-1.1878411111830585,0.0,1.0,0.0
8.0,-0.1165245682958862,-0.02903671234426159,0.2506716146449868,-0.2554240600005594,-0.05572537838014361,-0.42511978273595813,-0.361608620617296,0.0,0.0,1.0
13.0,-0.28308222824007817,-0.18020374283281237,0.011563294395590387,-0.2482860146812627,-0.35986659522204106,0.34585768170267905,-0.422677978615635,0.0,0.0,1.0
11.0,0.9661002213413605,1.1802995315641436,1.087550735517876,1.791155505117751,1.8186856765269575,2.1889044014258117,1.4704721193328727,0.0,0.0,1.0
17.0,0.8828213913692646,1.0291325010755927,2.163538176640162,1.4485293297915172,0.9197794134164606,0.9206692824084083,2.379327858955211,0.0,0.0,1.0
7.0,-0.40800047319822214,-0.4321487936470637,-0.8253158264772991,-0.8387043346630775,-0.878033112804533,-0.7444595609058079,-0.8034633873111602,0.0,1.0,0.0
12.0,1.2159367112576485,1.1802995315641436,1.326659055767273,1.1038637129454838,1.1135286330342622,1.0484051936763483,1.2082331114576526,1.0,0.0,0.0
12.0,0.7995425613971686,0.7267984400984913,0.9679965753931773,0.80100664725533,1.003136635810166,0.8111813584644603,0.532877858299551,1.0,0.0,0.0
10.0,0.34150899655064076,0.42446437912139023,0.8484424152684789,0.831598270052315,0.7710881518493106,0.5922055105765631,0.49695470653582224,1.0,0.0,0.0
8.0,-0.49127930317031765,-0.5329268139727642,-0.8253158264772991,-0.7122589604355386,-0.5964208749879615,-0.5163597193559153,-0.8178326480166517,0.0,0.0,1.0
11.0,1.0910184662995046,0.4748533892842405,0.728888255143781,0.9396886706016631,1.025665614835492,1.2400090605782583,0.7376398233528054,1.0,0.0,0.0
8.0,-0.40800047319822214,-0.38175978348421347,-0.3470991859785052,-0.36657362282960565,-0.05572537838014361,-0.4068717954119667,-0.6956939320199739,0.0,0.0,1.0
7.0,-0.6994763781005576,-0.8352608749498652,-0.586207506227902,-0.8947889764575503,-0.8847918065121307,-0.8539474848497565,-0.9040482122496007,0.0,0.0,1.0
7.0,-0.5329187181563656,-0.5833158241356144,-0.586207506227902,-0.8427832177026755,-0.8081932778260233,-0.7535835545678036,-0.8717173756622449,0.0,1.0,0.0
12.0,1.2575761262436964,1.5834116128669447,1.326659055767273,2.0573026234515224,1.8254443702345549,1.650588775368065,2.257189142958533,1.0,0.0,0.0
12.0,0.05003309164830575,0.27329734863283944,-0.10799086572910815,-0.18812248984719185,-0.14358839657891406,-0.44792976689094743,-0.13529276450580455,0.0,0.0,1.0
7.0,-0.36636105821217413,-0.48253780380991396,-0.3470991859785052,-0.5847938654481001,-0.35986659522204106,-0.7125255830888231,-0.659770780256245,0.0,1.0,0.0
11.0,0.6329849014529767,0.676409429935641,0.3702257747696853,0.46959740028799046,0.3678194272959801,0.08582386233580142,1.0860943954609747,1.0,0.0,0.0
10.0,1.0077396363274085,0.9787434909127426,0.6093340950190824,0.9753788971981455,0.33402595875799146,0.7427514059994924,2.020096341317924,0.0,0.0,1.0
13.0,0.6746243164390247,0.42446437912139023,0.6093340950190824,0.8030460887751288,-0.010667420329492097,0.19531178627974974,1.050171243697246,1.0,0.0,0.0
10.0,0.5497060714808807,0.4748533892842405,0.3702257747696853,0.11575429660286107,0.12901224962752708,0.06757587501180998,0.2598619048952124,0.0,0.0,1.0
11.0,0.8411819763832166,0.9787434909127426,0.8484424152684789,0.6551865785897002,0.8476866805354182,0.6880074440275181,0.4718085003012121,1.0,0.0,0.0
17.0,0.8411819763832166,0.7771874502613415,1.2071048956425745,0.7051528958247765,0.3565549377833172,0.4553456056466276,1.3016333060433471,1.0,0.0,0.0
8.0,0.05003309164830575,-0.2809817631585129,-0.3470991859785052,-0.43387519298297317,-0.3035441476587269,-0.6167236496378681,-0.38675482685190615,0.0,1.0,0.0
7.0,-0.40800047319822214,-0.5833158241356144,-0.9448699866019973,-0.763244998430514,-0.6437317309411454,-0.6349716369618594,-0.8896789515441093,0.0,1.0,0.0
13.0,-0.6161975481284616,-0.5833158241356144,-0.10799086572910815,-0.5480839180917179,-0.5783976917677007,-0.39774780174997126,-0.6741400409617366,1.0,0.0,0.0
10.0,0.5497060714808807,0.575631409609941,0.6093340950190824,0.5838061253967349,0.7080070105783985,0.8431153362814453,0.2598619048952124,0.0,0.0,1.0
9.0,0.21659075159249772,0.22290833846998917,0.011563294395590387,-0.037203817382064894,0.03889633352622431,-0.17877195386207406,0.2598619048952124,1.0,0.0,0.0
5.0,-1.6155435077936124,-1.5910960273926187,-1.5426407872254895,-1.4036296356474043,-1.3669119576541016,-1.3283951552735331,-1.3566799244725836,0.0,1.0,0.0
14.0,0.9244608063553126,1.0291325010755927,0.8484424152684789,0.7826516735771386,0.9648373714671121,0.7336274123374967,0.8705554848786017,1.0,0.0,0.0
10.0,0.3831484115366887,0.6260204197727908,0.011563294395590387,0.08618239456577546,0.11549486221233188,0.2774277292377114,-0.05266951544922825,1.0,0.0,0.0
6.0,-2.0319376576540917,-1.9942081086954204,-1.7817491074748864,-1.4637931604814753,-1.4277402010224811,-1.3877011140765054,-1.500372531527499,0.0,1.0,0.0
8.0,-0.6994763781005576,-0.6840938444613145,-0.8253158264772991,-0.9886032863683051,-1.0650236387147367,-0.9086914468217306,-0.8178326480166517,0.0,1.0,0.0
15.0,1.0077396363274085,0.877965470587042,1.087550735517876,1.355734740640662,0.75306496862905,0.8932973014224217,1.553095368389449,0.0,0.0,1.0
17.0,0.5913454864669286,0.7267984400984913,0.6093340950190824,0.88360402880719,0.5593157490112488,0.9343552729014024,1.2297870025158895,0.0,0.0,1.0
11.0,0.05003309164830575,-0.12981473266996213,-0.3470991859785052,-0.41857938158448044,-0.27876227073086857,-0.6623436179478465,-0.3149085233244485,0.0,1.0,0.0
5.0,-2.906365372361099,-2.8508212814638743,-2.140411587848982,-1.6422442934638892,-1.5831901562972286,-1.615800955626398,-1.6584343992879056,0.0,1.0,0.0
9.0,0.5080666564948327,0.5252423994470907,0.13111745452028825,0.21364748955321386,0.5345338720833904,0.01739390987083355,-0.027523309214618267,0.0,0.0,1.0
8.0,-0.8660340380447495,-0.7344828546241647,-0.586207506227902,-0.9376172483733297,-0.8487454400716096,-0.9999313834416879,-0.8537557997803805,0.0,0.0,1.0
9.0,0.00839367666225776,0.22290833846998917,-0.10799086572910815,0.030097752771302635,0.3295201629529263,-0.005416074284155738,-0.4119010330865163,1.0,0.0,0.0
10.0,1.0910184662995046,1.3818555722155448,1.2071048956425745,1.21501327577453,1.2306793239659555,1.3905549560011872,0.999878831228025,0.0,0.0,1.0
10.0,1.0493790513134567,0.7771874502613415,0.4897799348943839,1.8574373545112193,0.9558257798569818,0.8932973014224217,0.49336239135944937,0.0,0.0,1.0
10.0,0.6746243164390247,0.7771874502613415,0.4897799348943839,0.46449879648849257,0.04790792513635462,0.5009655739566059,0.8346323331148728,1.0,0.0,0.0
7.0,-0.3247216432261261,-0.23059275299566265,-0.8253158264772991,-0.5562416841709139,-0.2855209644384661,-0.6988395925958293,-0.7603556051946856,0.0,0.0,1.0
25.0,1.0077396363274085,0.8275764604241918,1.8048756962660664,1.1772836076582478,0.3024853881225354,0.4370976183226362,1.948250037790466,1.0,0.0,0.0
12.0,1.1742972962716005,1.079521511238443,1.4462132158919714,0.8988998402056828,0.6854780315530727,0.7929333711404688,1.4165873916872795,0.0,0.0,1.0
13.0,0.8411819763832166,0.877965470587042,0.4897799348943839,0.8264996662528176,1.2351851197710206,0.10407184965979284,0.798709181351144,1.0,0.0,0.0
8.0,-0.1581639832819342,-0.2809817631585129,-0.22754502585380668,-0.27683819595844916,0.14252963704272278,-0.557417690834896,-0.6274399436688891,1.0,0.0,0.0
13.0,1.4241337861878876,1.3818555722155448,1.087550735517876,1.5148111791849848,1.3748647897280404,1.8513166359319708,1.520764531802093,0.0,0.0,1.0
13.0,-0.03324573832379023,0.1725193283071389,0.13111745452028825,-0.2625621053198561,-0.6865367910892644,0.09038585916679927,0.008399842549110562,1.0,0.0,0.0
9.0,-0.6161975481284616,-0.8856498851127155,-0.9448699866019973,-0.9131439501357415,-0.8509983379741421,-0.9634354087937049,-0.8896789515441093,0.0,0.0,1.0
10.0,1.5906914461320796,1.5834116128669447,0.8484424152684789,2.291838398228409,1.8254443702345549,2.17065641410182,1.2549332087504999,0.0,0.0,1.0
8.0,-0.40800047319822214,-0.48253780380991396,0.011563294395590387,-0.6429179487623722,-0.5333397337170492,-0.6942775957648316,-0.6022937374342789,0.0,0.0,1.0
5.0,-1.157509942947085,-1.288761966415517,-1.1839783068513943,-1.2251785026649906,-1.1573924527185724,-1.264527199639563,-1.2453181540050244,0.0,1.0,0.0
18.0,1.4657732011739355,1.230688541726994,1.2071048956425745,0.9988324746758344,0.8499395784379505,0.47815558980161693,1.3016333060433471,0.0,0.0,1.0
7.0,-0.40800047319822214,-0.48253780380991396,-0.9448699866019973,-0.8162704779452883,-0.7338476470424483,-0.7444595609058079,-0.9112328426023467,0.0,0.0,1.0
10.0,0.7995425613971686,0.7267984400984913,0.728888255143781,0.5623919894388454,0.791364232972104,0.6332634820555438,0.3460774691281612,1.0,0.0,0.0
5.0,-1.9902982426680442,-1.9438190985325703,-1.5426407872254895,-1.4739903680804705,-1.4322459968275463,-1.4378830792174817,-1.46444937976377,0.0,0.0,1.0
10.0,1.0077396363274085,0.9787434909127426,0.2506716146449868,0.6766007145475903,0.7192715000910617,0.7381894091684945,0.6909397260599579,0.0,0.0,1.0
6.0,-1.199149357933133,-1.3391509765783673,-1.0644241467266957,-1.179291068469513,-1.1934388191590934,-1.0501133485826641,-1.1770641656539398,0.0,1.0,0.0
7.0,-1.115870527961037,-1.1879839460898172,-0.9448699866019973,-1.2363954310238852,-1.1911859212565608,-1.2234692281605823,-1.1914334263594313,0.0,1.0,0.0
8.0,-0.9493128680168456,-0.8352608749498652,-0.7057616663526005,-1.025313233724687,-1.0222185785666178,-0.9634354087937049,-0.9902637764825499,0.0,1.0,0.0
14.0,0.5080666564948327,0.42446437912139023,0.2506716146449868,0.4451241020504018,0.32501436714786114,0.8704873172674324,0.5472471190050426,0.0,0.0,1.0
11.0,0.7995425613971686,0.7771874502613415,0.13111745452028825,0.3553886751792451,0.4782114245200763,0.35498167536467473,0.29578505665894117,0.0,0.0,1.0
9.0,-0.36636105821217413,-0.33137077332136317,0.13111745452028825,-0.10552510829533182,-0.6459846288436779,-0.461615757383941,-0.49452428214309246,0.0,0.0,1.0
9.0,0.9244608063553126,0.9283544807498924,0.9679965753931773,0.6633443446688968,0.3655665293934475,0.46446959930862336,1.0645405044027374,0.0,0.0,1.0
8.0,0.09167250663435374,-0.07942572250711186,-0.10799086572910815,-0.10960399133492985,0.03889633352622431,0.2500557482517243,-0.23946990462061815,0.0,1.0,0.0
11.0,0.09167250663435374,0.42446437912139023,0.728888255143781,-0.09736734221613598,-0.24271590429034737,-0.2289539190030505,0.40355451195012726,0.0,1.0,0.0
8.0,-0.40800047319822214,-0.48253780380991396,-0.7057616663526005,-0.6867659414380508,-0.6685136078690036,-0.6440956306238552,-0.6382168891980078,0.0,1.0,0.0
12.0,-1.157509942947085,-1.2383729562526673,-0.8253158264772991,-1.0977134076775523,-1.0717823324223343,-1.022741367596677,-1.0872562862446178,0.0,0.0,1.0
5.0,-2.1152164876261876,-2.195764149346821,-1.901303267599585,-1.4882664587190635,-1.4187286094123508,-1.492627041189456,-1.500372531527499,0.0,1.0,0.0
11.0,1.1742972962716005,1.079521511238443,1.087550735517876,1.0437001881114127,0.9017562301962,1.025595209521359,1.4273643372163982,1.0,0.0,0.0
8.0,-0.40800047319822214,-0.5329268139727642,-0.8253158264772991,-0.7357125379132273,-0.7135715659196552,-0.6304096401308616,-0.8537557997803805,0.0,1.0,0.0
10.0,-0.1581639832819342,-0.33137077332136317,-0.586207506227902,-0.48792039325764697,-0.43195932810308346,-0.5528556940038981,-0.51607817320133,1.0,0.0,0.0
17.0,0.4247878265227367,0.27329734863283944,0.2506716146449868,-0.04842074574095937,-0.2990383518536618,-0.1650859633690805,0.22393875313148354,0.0,0.0,1.0
10.0,1.1326578812855526,1.0291325010755927,0.9679965753931773,0.8815645872873908,0.6336613797948237,0.48271758663261477,0.7196782474709406,0.0,0.0,1.0
10.0,0.2998695815645937,0.42446437912139023,0.4897799348943839,0.3971972263351253,0.3137498776351983,0.7974953679714667,0.4394776637138561,1.0,0.0,0.0
11.0,-0.1581639832819342,-0.07942572250711186,-0.22754502585380668,-0.13203784805271904,-0.25172749590047766,0.07669986867380545,-0.15325434038766897,0.0,0.0,1.0
11.0,-0.6994763781005576,-0.6337048342984648,-0.8253158264772991,-0.8162704779452883,-0.8757802149020004,-0.8904434594977392,-0.7675402355474313,1.0,0.0,0.0
11.0,-0.28308222824007817,-0.23059275299566265,0.011563294395590387,-0.5837741446882008,-0.7270889533348506,-0.48898773836992815,-0.45860113037936384,0.0,1.0,0.0
9.0,-0.6994763781005576,-0.7344828546241647,-0.7057616663526005,-0.8866312103783544,-0.9118265813425217,-0.771831541891795,-0.839386539074889,0.0,0.0,1.0
10.0,0.7162637314250726,0.6260204197727908,0.8484424152684789,0.7857108358568373,0.7755939476543757,0.9389172697323998,0.6190934225325002,0.0,0.0,1.0
8.0,-1.7404617527517563,-1.6918740477183192,-1.6621949473501878,-1.410767680966701,-1.3736706513616992,-1.3603291330905183,-1.4285262280000413,0.0,1.0,0.0
6.0,-1.7821011677378042,-1.7926520680440194,-1.6621949473501878,-1.4362606999641885,-1.3916938345819598,-1.4059491014004968,-1.4428954887055327,0.0,1.0,0.0
8.0,-0.19980339826798219,-0.18020374283281237,-0.46665334610320375,-0.4756837441388529,-0.5130636525942562,-0.3065078651300141,-0.47297039108485517,0.0,1.0,0.0
11.0,0.46642724150878473,0.6260204197727908,0.2506716146449868,0.15960228927854003,0.38133681471117553,0.04476589085682069,0.04073067913646651,0.0,1.0,0.0
7.0,-1.074231112974989,-1.1879839460898172,-1.0644241467266957,-1.0395893243632806,-0.9974367016387594,-0.9178154404837263,-1.1267717531847194,0.0,1.0,0.0
7.0,-0.49127930317031765,-0.5329268139727642,-0.586207506227902,-0.7306139341137298,-0.7383534428475135,-0.5711036813278895,-0.8106480176639059,1.0,0.0,0.0
4.0,-2.2401347325843317,-2.145375139183971,-2.0208574277242835,-1.5423116589937373,-1.490821342293393,-1.492627041189456,-1.5650342047022108,0.0,1.0,0.0
13.0,0.4247878265227367,0.5252423994470907,1.2071048956425745,0.33703370150105444,0.14703543284778794,0.564833529590576,0.7268628778236867,1.0,0.0,0.0
6.0,-1.324067602891277,-1.3895399867412177,-1.3035324669760926,-1.2884011897787602,-1.2520141646249403,-1.3512051394285225,-1.2489104691813973,0.0,1.0,0.0
9.0,1.0493790513134567,0.9283544807498924,0.4897799348943839,1.1293567319429714,1.5438321324179838,1.125959139803312,0.5795779555923986,1.0,0.0,0.0
16.0,0.21659075159249772,0.3236863587956897,0.3702257747696853,0.23914050855070143,-0.20892243575235875,0.01739390987083355,0.6909397260599579,1.0,0.0,0.0
11.0,1.2159367112576485,1.230688541726994,2.0439840165154637,1.494416763986995,1.219414834453293,2.7956499799485273,0.9603633642879238,1.0,0.0,0.0
15.0,0.2998695815645937,0.42446437912139023,0.4897799348943839,0.19019391207552527,0.327267265050394,-0.023664061608146915,0.15209244960402588,0.0,0.0,1.0
7.0,0.05003309164830575,-0.12981473266996213,0.13111745452028825,-0.10960399133492985,-0.2314514147776845,-0.1057800045661086,0.11616929784029704,1.0,0.0,0.0
7.0,-0.49127930317031765,-0.38175978348421347,-0.586207506227902,-0.6011093976064923,-0.44322381761574636,-0.7535835545678036,-0.6885093016672279,0.0,1.0,0.0
9.0,0.6329849014529767,0.6260204197727908,-0.22754502585380668,0.37068448657773784,0.2867151028048074,0.35041967853367667,0.4251084030083646,0.0,0.0,1.0
12.0,0.7995425613971686,1.079521511238443,0.3702257747696853,1.0131085653144272,1.392887972948301,0.7290654155064988,0.6909397260599579,1.0,0.0,0.0
18.0,1.0077396363274085,1.1802995315641436,1.2071048956425745,1.9981588193773512,1.5505908261255812,1.8969366042419493,1.1220175472247034,1.0,0.0,0.0
16.0,1.0493790513134567,1.079521511238443,1.8048756962660664,1.3649122274797578,0.9220323113189929,1.29931501938123,1.337556457807076,1.0,0.0,0.0
19.0,1.1326578812855526,1.1299105214012934,0.9679965753931773,1.3975432917965416,0.7508120707265177,1.0666531810003397,1.3016333060433471,1.0,0.0,0.0
8.0,0.46642724150878473,0.4748533892842405,0.2506716146449868,0.5817666838769361,0.5277751783757927,0.3184857007166919,0.18801560136775472,0.0,0.0,1.0
7.0,-0.7411157930866056,-0.7344828546241647,-0.7057616663526005,-0.851960704541771,-0.7068128722120575,-0.7855175323847886,-0.9974484068352957,0.0,1.0,0.0
8.0,-0.5745581331424137,-0.4321487936470637,-0.586207506227902,-0.8121915949056903,-0.7901700946057627,-0.6623436179478465,-0.8214249631930246,1.0,0.0,0.0
11.0,1.5490520311460314,1.432244582378395,0.728888255143781,1.6014874437764433,1.7285697604256545,1.5000428799451357,1.5171722166257202,1.0,0.0,0.0
8.0,0.46642724150878473,0.37407536895854,0.13111745452028825,0.12085290040235873,0.2281397573389604,0.008269916208837835,0.026361418430974976,1.0,0.0,0.0
11.0,-0.28308222824007817,-0.12981473266996213,0.011563294395590387,-0.5705177748095073,-0.6212027519158196,-0.48442574153893025,-0.6382168891980078,0.0,0.0,1.0
13.0,0.8411819763832166,0.6260204197727908,0.13111745452028825,1.9512516644219742,1.4221756456812247,0.6058915010695567,0.6155011073561274,0.0,0.0,1.0
10.0,0.9661002213413605,0.7267984400984913,0.13111745452028825,0.5827864046368355,0.669707746235345,0.5420235454355866,0.7268628778236867,1.0,0.0,0.0
14.0,-0.40800047319822214,-0.23059275299566265,0.13111745452028825,-0.4308160307032745,-0.5603745085474403,-0.6623436179478465,-0.1712159162695334,0.0,0.0,1.0
15.0,0.2998695815645937,0.27329734863283944,1.087550735517876,0.5654511517185435,0.28220930699974245,0.5739575232525717,0.6550165742962291,1.0,0.0,0.0
11.0,0.2998695815645937,0.3236863587956897,0.011563294395590387,0.20345028195421877,0.104230372699669,0.06757587501180998,0.4394776637138561,1.0,0.0,0.0
6.0,-1.6988223377657083,-1.6918740477183192,-1.3035324669760926,-1.423004330085495,-1.3421300807262433,-1.4059491014004968,-1.4428954887055327,0.0,1.0,0.0
9.0,0.7579031464111207,0.7267984400984913,0.8484424152684789,0.5899244499561317,0.39034840632130585,1.2673810415642455,0.4394776637138561,0.0,0.0,1.0
18.0,-0.36636105821217413,-0.12981473266996213,0.2506716146449868,-0.3002917734361377,-0.6527433225512758,-0.365813823932986,0.07665383090019534,0.0,0.0,1.0
9.0,0.05003309164830575,-0.02903671234426159,-0.22754502585380668,-0.39410608334689246,-0.43195932810308346,-0.2198299253410548,-0.38675482685190615,1.0,0.0,0.0
10.0,0.6329849014529767,0.7267984400984913,0.9679965753931773,0.4808143286468847,0.40611869163903386,0.5922055105765631,0.6190934225325002,1.0,0.0,0.0
10.0,-1.0325916979889411,-0.9360388952755658,-0.8253158264772991,-1.104851452996849,-1.1078286988628556,-1.3101471679495418,-0.9040482122496007,0.0,0.0,1.0
8.0,-0.03324573832379023,-0.2809817631585129,-0.10799086572910815,-0.5898924692475978,-0.5851563854752985,-0.43424377639795386,-0.5879244767287874,0.0,1.0,0.0
8.0,0.46642724150878473,0.27329734863283944,0.2506716146449868,0.010723058333212094,0.30924408183013313,-0.2654498936510334,-0.0634464609783469,1.0,0.0,0.0
11.0,1.0493790513134567,0.877965470587042,0.8484424152684789,0.8122235756142248,0.759823662336648,0.7062554313515096,0.9424017884060594,1.0,0.0,0.0
8.0,0.46642724150878473,0.5252423994470907,-0.10799086572910815,0.1983516781547211,0.19434628880097202,0.2500557482517243,0.2598619048952124,1.0,0.0,0.0
13.0,0.00839367666225776,0.07174130798143838,0.728888255143781,0.0076638960535134575,-0.37788977844230165,-0.1103420013971062,0.5113239672413138,1.0,0.0,0.0
9.0,0.9661002213413605,0.676409429935641,0.8484424152684789,0.6643640654287961,0.5728331364264442,1.4635469052971535,0.3532620994809073,1.0,0.0,0.0
8.0,0.2582301665785457,0.3236863587956897,0.13111745452028825,0.10759653052366501,0.31825567344026345,0.15425381480076927,-0.1676236010931605,1.0,0.0,0.0
9.0,-0.28308222824007817,-0.33137077332136317,0.2506716146449868,-0.5164725745348332,-0.6279614456234174,-0.33387984611600097,-0.3508316750881773,1.0,0.0,0.0
10.0,0.6746243164390247,0.7267984400984913,0.728888255143781,0.7235078695029674,1.003136635810166,0.5100895676186017,0.5616163797105341,0.0,0.0,1.0
7.0,-1.365707017877325,-1.4399289969040678,-1.3035324669760926,-1.3098153257366498,-1.3150953058958523,-1.3101471679495418,-1.2740566754160074,0.0,1.0,0.0
10.0,0.8411819763832166,0.8275764604241918,0.13111745452028825,0.18611502903592725,0.34979624407571974,-0.06472203308712789,0.29578505665894117,1.0,0.0,0.0
7.0,0.46642724150878473,0.5252423994470907,0.2506716146449868,0.5848258461566344,0.8927446385860697,0.4097256373366491,0.36763136018639847,1.0,0.0,0.0
8.0,-0.6578369631145096,-0.7344828546241647,-0.7057616663526005,-0.851960704541771,-0.724836055432318,-0.7946415260467844,-0.9327867336605837,0.0,1.0,0.0
9.0,0.7162637314250726,0.575631409609941,0.2506716146449868,0.2687124105877873,0.40611869163903386,-0.0738460267491236,0.3388928387754158,0.0,1.0,0.0
5.0,-2.2401347325843317,-2.195764149346821,-1.5426407872254895,-1.513759477716551,-1.463786567463002,-1.460693063372471,-1.5362956832912278,0.0,1.0,0.0
6.0,-2.07357707264014,-2.145375139183971,-1.7817491074748864,-1.4739903680804705,-1.3759235492642319,-1.4652550602034689,-1.5147417922329904,0.0,1.0,0.0
11.0,0.5080666564948327,0.22290833846998917,0.4897799348943839,0.25749548222889257,0.014114456598365983,-0.041912048932138346,0.22393875313148354,0.0,0.0,1.0
8.0,-0.6161975481284616,-0.5329268139727642,-0.586207506227902,-0.7132786811954381,-0.6617549141614061,-0.6942775957648316,-0.6382168891980078,0.0,0.0,1.0
11.0,0.7995425613971686,0.8275764604241918,0.4897799348943839,0.4838734909265829,0.39034840632130585,0.5967675074075612,0.47540081547758495,0.0,1.0,0.0
7.0,-1.199149357933133,-1.2383729562526673,-1.1839783068513943,-1.220079898865493,-1.1664040443287025,-1.2918991806255502,-1.1591025897720755,0.0,1.0,0.0
10.0,0.2582301665785457,0.42446437912139023,0.8484424152684789,0.09230071912517274,-0.14358839657891406,0.19531178627974974,0.47540081547758495,0.0,0.0,1.0
8.0,1.1742972962716005,1.1802995315641436,0.4897799348943839,1.0895876223068908,1.2149090386482277,0.897859298253419,0.7268628778236867,0.0,0.0,1.0
9.0,-0.40800047319822214,-0.5329268139727642,-0.3470991859785052,-0.7469294662721218,-0.7811585029956323,-0.6714676116098424,-0.6741400409617366,0.0,0.0,1.0
11.0,1.0077396363274085,0.9283544807498924,0.8484424152684789,1.0396213050718146,1.2329322218684884,1.0803391714933333,0.7915245509983982,0.0,0.0,1.0
8.0,-0.4496398881842701,-0.23059275299566265,-0.22754502585380668,-0.4930189970571444,-0.4297064302005509,-0.5802276749898853,-0.4657857607321096,0.0,1.0,0.0
9.0,0.13331192162040173,0.12213031814428864,0.011563294395590387,-0.208516905045182,-0.1751289672143701,-0.32931784928500335,-0.07063109133109287,0.0,1.0,0.0
10.0,0.2582301665785457,-0.02903671234426159,1.2071048956425745,1.1772836076582478,1.1360576120595878,1.472670898959149,1.078909765108229,0.0,0.0,1.0
9.0,0.4247878265227367,0.37407536895854,0.4897799348943839,0.020920265932207176,0.18533469719084172,0.15881581163176714,0.0012152121963647953,0.0,0.0,1.0
9.0,0.00839367666225776,-0.07942572250711186,0.011563294395590387,-0.4644668157799584,-0.4364651239081486,-0.4753017478769346,-0.39753177238102483,0.0,1.0,0.0
12.0,-0.4496398881842701,-0.38175978348421347,-0.10799086572910815,-0.5745966578491051,-0.6189498540132871,-0.4388057732289517,-0.49452428214309246,0.0,0.0,1.0
10.0,0.8411819763832166,0.7267984400984913,0.728888255143781,1.068173486349001,1.1901271617203697,0.8887353045914238,0.9064786366423305,1.0,0.0,0.0
4.0,-2.823086542389003,-2.8004322713010237,-2.25996574797368,-1.6310273651049945,-1.565166973076968,-1.579304980978415,-1.647657453758787,0.0,1.0,0.0
15.0,0.6746243164390247,0.6260204197727908,0.9679965753931773,0.6358118841516099,0.07268980206421295,0.9115452887464132,1.050171243697246,0.0,0.0,1.0
11.0,0.8411819763832166,0.7771874502613415,0.4897799348943839,0.6551865785897002,0.7485591728239849,0.6971314376895138,0.6657935198253477,0.0,1.0,0.0
8.0,-0.1165245682958862,-0.02903671234426159,-0.22754502585380668,-0.46854569881955643,-0.23821010848528223,-0.5939136654828787,-0.6489938347271265,0.0,1.0,0.0
9.0,1.2159367112576485,0.7771874502613415,0.8484424152684789,0.8723871004482954,0.7936171308746364,1.2901910257192348,1.0573558740499915,0.0,1.0,0.0
13.0,0.5497060714808807,0.37407536895854,-0.22754502585380668,0.6194963519932178,0.104230372699669,0.4872795834636124,0.5831702707687715,1.0,0.0,0.0
3.0,-2.989644202333195,-2.9012102916267244,-2.140411587848982,-1.6473428972633866,-1.585443054199761,-1.6066769619644021,-1.6153266171714311,0.0,1.0,0.0
4.0,-2.989644202333195,-2.9515993017895745,-2.9772907087218705,-1.6605992671420802,-1.5944546458098914,-1.6203629524573957,-1.6799882903461427,0.0,1.0,0.0
6.0,-1.365707017877325,-1.3895399867412177,-0.9448699866019973,-1.24761235938278,-1.2204735939894844,-1.1960972471745952,-1.20221037188855,0.0,0.0,1.0
11.0,-0.28308222824007817,-0.38175978348421347,-0.586207506227902,-0.5868333069678991,-0.8487454400716096,-0.5756656781588875,-0.38675482685190615,1.0,0.0,0.0
10.0,0.9661002213413605,0.7771874502613415,0.2506716146449868,0.5491356195601514,0.7215243979935939,0.37779165951966404,0.5652086948869071,0.0,0.0,1.0
4.0,-1.8653799977099004,-1.7422630578811695,-1.4230866271007911,-1.423004330085495,-1.3939467324844925,-1.4059491014004968,-1.406972336941804,0.0,1.0,0.0
7.0,-0.9076734530307975,-0.7344828546241647,-0.9448699866019973,-0.9600511050911188,-0.85775703168174,-1.0364273580896706,-0.9615252550715668,0.0,1.0,0.0
9.0,0.2582301665785457,-0.12981473266996213,-0.22754502585380668,-0.5511430803714165,-0.6189498540132871,-0.5117977225249174,-0.49452428214309246,0.0,1.0,0.0
9.0,-1.0325916979889411,-1.0872059257641167,-0.3470991859785052,-0.8397240554229769,-0.7586295239703067,-0.8265755038637693,-0.8717173756622449,0.0,0.0,1.0
11.0,1.2575761262436964,1.3314665620526944,1.6853215361413678,1.5586591718606642,1.4717393995369408,1.253695051071252,1.5171722166257202,1.0,0.0,0.0
8.0,-0.8660340380447495,-0.8856498851127155,-0.9448699866019973,-0.996761052447501,-0.8329751547538816,-1.1915352503435974,-1.0369638737753974,0.0,1.0,0.0
6.0,-1.8653799977099004,-1.7926520680440194,-1.3035324669760926,-1.4515565113626812,-1.3939467324844925,-1.4880650443584582,-1.4177492824709226,0.0,1.0,0.0
7.0,-0.6161975481284616,-0.6337048342984648,-0.8253158264772991,-0.8509409837818716,-0.8081932778260233,-0.6212856464688659,-0.7459863444891941,0.0,0.0,1.0
9.0,-0.5745581331424137,-0.6840938444613145,-0.10799086572910815,-0.7479491870320213,-0.8645157253893376,-0.2061439348480612,-0.8537557997803805,0.0,0.0,1.0
11.0,0.8411819763832166,0.8275764604241918,0.6093340950190824,0.7235078695029674,0.7102599084809313,0.5192135612805974,1.0860943954609747,0.0,0.0,1.0
10.0,0.4247878265227367,0.5252423994470907,0.6093340950190824,0.26259408602839024,0.5503041574011185,0.12688183381478213,-0.0203386788618723,1.0,0.0,0.0
8.0,-1.6155435077936124,-1.5407070172297683,-1.3035324669760926,-1.3526435976524291,-1.3353713870186454,-1.2918991806255502,-1.284833620945126,0.0,1.0,0.0
16.0,0.09167250663435374,0.1725193283071389,0.3702257747696853,-0.10654482905523144,-0.2584861896080754,-0.2198299253410548,0.08024614607656821,1.0,0.0,0.0
10.0,-1.4906252628354688,-1.4399289969040678,-1.1839783068513943,-1.3577422014519265,-1.3421300807262433,-1.3101471679495418,-1.3674568700017022,0.0,0.0,1.0
16.0,0.46642724150878473,0.5252423994470907,0.6093340950190824,0.8132432963741241,0.5120048930580646,0.14512982113877357,1.4094027613345337,0.0,0.0,1.0
10.0,0.21659075159249772,0.42446437912139023,0.2506716146449868,0.09434016064497153,0.011861558695833658,-0.046474045763136455,0.270638850424331,1.0,0.0,0.0
9.0,1.6739702761041755,1.7345786433554955,1.087550735517876,1.415898265474733,2.005676202437161,1.6323407880440737,1.4273643372163982,1.0,0.0,0.0
8.0,-0.5745581331424137,0.27329734863283944,-0.7057616663526005,-0.8203493609848863,-0.740606340750046,-0.8265755038637693,-0.8501634846040077,0.0,1.0,0.0
9.0,-0.19980339826798219,0.12213031814428864,-0.10799086572910815,-0.31048898103513284,-0.2584861896080754,-0.3566898302709905,-0.2322852742678724,0.0,0.0,1.0
8.0,-0.19980339826798219,-0.23059275299566265,-0.46665334610320375,-0.6378193449628745,-0.7315947491399158,-0.4570537605529431,-0.5304474339068213,0.0,1.0,0.0
5.0,-2.365052977542476,-2.397320189998222,-2.140411587848982,-1.5790216063501197,-1.5268677087339142,-1.5017510348514518,-1.6045496716423124,0.0,1.0,0.0
12.0,0.8828213913692646,0.9787434909127426,0.6093340950190824,0.4818340494067841,0.4511766496896854,0.32304769754769,0.5472471190050426,1.0,0.0,0.0
8.0,0.5497060714808807,0.3236863587956897,0.2506716146449868,0.0892415568454741,0.12450645382246218,0.313923703885694,0.04432299431283939,0.0,0.0,1.0
6.0,-0.36636105821217413,-0.33137077332136317,-0.586207506227902,-0.31048898103513284,-0.1751289672143701,-0.6760296084408401,-0.49452428214309246,0.0,0.0,1.0
9.0,1.3408549562157925,1.0291325010755927,0.9679965753931773,1.2761965213685,1.2261735281608903,1.185265098606284,0.9603633642879238,0.0,0.0,1.0
7.0,-0.5329187181563656,-0.5329268139727642,-0.7057616663526005,-0.8223888025046854,-0.7113186680171226,-0.9086914468217306,-0.7819094962529229,0.0,1.0,0.0
8.0,-0.19980339826798219,-0.38175978348421347,-0.46665334610320375,-0.5796952616486027,-0.4972933672765282,-0.6760296084408401,-0.6238476284925162,0.0,1.0,0.0
11.0,1.7572491060762714,1.835356663681196,1.8048756962660664,1.8727331659097117,1.6587299254471448,2.029234512340887,2.2859276643695168,0.0,0.0,1.0
12.0,1.2992155412297446,1.281077551889844,1.087550735517876,1.5872113531378498,1.6452125380319493,1.285629028888237,1.8620344735575167,0.0,0.0,1.0
9.0,-0.5329187181563656,-0.5833158241356144,-0.7057616663526005,-0.8856114896184547,-0.8600099295842725,-0.8585094816807544,-0.8178326480166517,0.0,1.0,0.0
7.0,-1.6155435077936124,-1.4903180070669182,-1.3035324669760926,-1.2894209105386596,-1.206956206574289,-1.2599652028085653,-1.320756772708855,0.0,1.0,0.0
9.0,-0.19980339826798219,-0.12981473266996213,0.2506716146449868,-0.2329902032827702,-0.16161157979917465,-0.06928402991812549,-0.3149085233244485,1.0,0.0,0.0
10.0,0.00839367666225776,-0.07942572250711186,-0.10799086572910815,-0.2340099240426696,-0.18639345672703297,-0.38862380808797525,-0.22150832873875353,1.0,0.0,0.0
9.0,0.6329849014529767,0.676409429935641,-0.10799086572910815,1.2476443400913138,1.0324243085430893,0.09494785599779713,0.5652086948869071,1.0,0.0,0.0
10.0,-1.4489858478494209,-1.5407070172297683,-1.7817491074748864,-1.3251111371351423,-1.3015779184806568,-1.2964611774565482,-1.284833620945126,0.0,0.0,1.0
14.0,1.3408549562157925,1.3314665620526944,1.8048756962660664,1.7819780182786555,1.372611891825508,1.687084750016048,1.6860110299152453,1.0,0.0,0.0
16.0,0.5497060714808807,0.7771874502613415,-0.46665334610320375,0.16776005535773586,0.13802384123765762,0.012831913039835692,0.36763136018639847,0.0,0.0,1.0
9.0,-0.19980339826798219,-0.33137077332136317,0.011563294395590387,-0.550123359611517,-0.5491100190347774,-0.4159957890739624,-0.5017089124958384,0.0,1.0,0.0
3.0,-2.365052977542476,-2.346931179835372,-1.7817491074748864,-1.5545483081125315,-1.4795568527807303,-1.5245610190064407,-1.5937727261131938,0.0,1.0,0.0
9.0,0.21659075159249772,0.021352297818588113,-0.22754502585380668,0.08516267380587607,0.38809550841877327,0.28198972606870903,-0.1855851769750249,0.0,0.0,1.0
9.0,0.1749513366064497,-0.23059275299566265,0.2506716146449868,0.5909441707160316,0.8251577015100924,0.5830815169145673,0.32811589324629675,1.0,0.0,0.0
7.0,-1.4906252628354688,-1.3895399867412177,-0.7057616663526005,-1.2547504047020763,-1.2497612667224076,-1.150477278864617,-1.2129873174176684,0.0,1.0,0.0
9.0,0.2582301665785457,0.3236863587956897,0.011563294395590387,0.08516267380587607,0.2146223699237652,-0.22439192217205264,0.11616929784029704,0.0,0.0,1.0
6.0,-1.5739040928075645,-1.4903180070669182,-1.5426407872254895,-1.2414940348233827,-1.2339909814046797,-1.2827751869635546,-1.105217862126482,0.0,0.0,1.0
11.0,0.6329849014529767,0.877965470587042,0.8484424152684789,0.962122527319452,1.172103978500109,0.9434792665633976,0.6442396287671105,0.0,0.0,1.0
10.0,0.09167250663435374,0.27329734863283944,0.4897799348943839,-0.037203817382064894,-0.19765794623969588,-0.009978071115153597,0.008399842549110562,1.0,0.0,0.0
9.0,1.0493790513134567,0.9787434909127426,0.9679965753931773,1.3057684234055862,1.5866371925661025,1.3951169528321856,1.014248091933517,0.0,0.0,1.0
8.0,-0.28308222824007817,-0.33137077332136317,-0.586207506227902,-0.7489689077919208,-0.7000541785044598,-0.7855175323847886,-0.6885093016672279,0.0,1.0,0.0
9.0,1.0493790513134567,0.8275764604241918,0.3702257747696853,0.5980822160353283,0.8364221910227555,0.4325356214916383,0.4789931306539578,1.0,0.0,0.0
9.0,-0.49127930317031765,-0.5833158241356144,-0.586207506227902,-0.8315662893437809,-0.9140794792450543,-0.8174515102017736,-0.7495786596655669,1.0,0.0,0.0
11.0,0.8411819763832166,0.8275764604241918,1.2071048956425745,1.7799385767588567,1.7443400457433826,2.0976644648058547,1.0537635588736187,1.0,0.0,0.0
7.0,-2.156855902612236,-2.094986129021121,-1.7817491074748864,-1.491325620998762,-1.439004690535144,-1.460693063372471,-1.5147417922329904,0.0,1.0,0.0
5.0,-2.0319376576540917,-1.89343008836972,-1.4230866271007911,-1.4219846093255957,-1.32185399960345,-1.4287590855554861,-1.500372531527499,0.0,1.0,0.0
10.0,1.1326578812855526,1.079521511238443,0.6093340950190824,1.259880989210108,1.5077857659774625,1.0712151778313377,0.981917255346161,0.0,0.0,1.0
